Serial,English,Pronunciation,Bangla,POS
8,add,অ্যাড,যোগ করা,v
9,address,অ্যাড্রেস,ঠিকানা,n
10,adult,অ্যাডাল্ট,প্রাপ্তবয়স্ক,n
15,again,অ্যাগেইন,"আবার, পুনরায়",adv
16,age,এইজ,বয়স,n
1,"a, an","আ, অ্যান",একটি,indefinite article
17,ago,অ্যাগো,"আগে, পূবে (সময় বোঝাতে)",adv.
2,about,অ্যাবাউট,"সম্পকে, প্রায়","prep , adv"
18,agree,অ্যাগ্রি,একমত হওয়া,v
3,above,অ্যাভাব,উপরে,"prep , adv."
19,air,এয়ার,বাতাস,n
4,action,অ্যাকশন,"কাজ, কম",n
20,airport,এয়ারপোর্ট,বিমানবন্দর,n
5,activity,অ্যাক্টিভিটি,কার্যকলাপ,n
21,all,অল,"সব, সমস্ত","det , pron"
6,actor,অ্যাক্টর,অভিনেতা,n
22,also,অলসো,"এছাড়াও, আরও",adv
7,actress,অ্যাক্ট্রেস,- অভিনেত্রী,n
23,always,অলওয়েজ,সবসময় (adv) Facebook Biborno Sahin,01726505437
553,order,অর্ডার,"আদেশ, ক্রম (n); আদেশ করা",v
554,other,আদার,অন্য,adj  pron
555,Ou1,আওযার,আমাদের,det
556,out,আউট,বাইরে,adv. prep
558,over,ওভার,"উপর দিয়ে, শেষ","prep , adv"
559,own,ওন,নিজের,adj  pron
560,page,পেইজ,পৃষ্ঠা,n
561,paint,পেইন্ট,রং করা (v.); রং,n
562,painting,পেইন্টিং,চিত্রকম,n
563,pair,পেয়ার,জোড়া,n
564,paper,পেপার,কাগজ,n
565,paragraph,প্যারাগ্রাফ,অনুচ্ছেদ,n
566,parent,প্যারেন্ট,পিতা বা মাতা,n
568,part,পাট,অংশ,n
569,partner,পার্টনার,"অং শীদার, সঙ্গী",n
570,party,পাটি,"পার্টি, দল",n
571,passport,পাসপোর্ট,পাসপোর্ট,n
572,past,পাস্ট,অতীত,"adj , n , prep"
573,pay,পে,পরিশোধ করা,v
574,pen,পেন,কলম,n
575,pencil,পেন্সিল,পেন্সিল,n
576,people,পিপল,মানুষ,n
577,pepper,পেপার,গোলমরিচ; ক্যাপসিকাম,n
578,perfect,পারফেক্ট,- নিখুঁত,adj
579,period,পিরিয়ড,সময়কাল; পূণচ্ছেদ,n
580,person,পাসন,ব্যক্তি,n
581,personal,পাসোনাল,ব্যক্তিগত,adj
582,phone,ফোন,ফোন (n); ফোন করা,V.
583,photo,ফোটো,ছবি,n
584,photograph,ফোটোগ্রাফ,ছবি,n
585,phrase,ফ্রেজ,"শব্দগুচ্ছ, বাক্যাংশ",n
586,piano,পিয়ানো,পিয়ানো,n
587,picture,পিকচার,ছবি,n
588,piece,পিস,"টুকরা, অংশ",n
589,pig,পিগ,শূকর,n
590,pink,পিঙ্ক,গোলাপী,"adj , n"
591,place,প্লেস,স্থান,n
592,plan,প্ল্যান,পরিকল্পনা (n ); পরিকল্পনা করা,v
593,plane,প্লেইন,বিমান,n
594,plant,প্ল্যান্ট,গাছ,n
595,play,প্লে,খেলা করা (v); খেলা,n.
596,player,প্লেয়ার,খেলোয়াড়,n
597,please,প্লিজ,দয়া করে,exclam
598,point,পয়েন্ট,বিন্দু; মূল বিষয়,n
599,police,পুলিশ,পুলিশ,n
600,policeman,পুলিশম্যান,পুলিশ সদস্য (পুরুষ),n
601,pool,পুল,পুকুর; সুইমিং পুল,n
602,poor,পুর,"গরিব, দরিদ্র",adj
603,popular,পপুলার,জনপ্রিয়,adj
604,positive,পজিটিভ,- ইতিবাচক,adj
605,possible,পসিবল,সম্ভব,adj
607,potato,পটাটো,আলু,n
609,practice,প্র্যাকটিস,- অনুশীলন,n
610,practise,প্র্যাকটিস,অনুশীলন করা,v
611,prefer,প্রেফার,পছন্দ করা,v
612,prepare,প্রিপেয়ার,প্রস্তুত করা,v
613,present,প্রেজেন্ট,ব্তমান (adj ); উপহার,n.
648,ride,রাইড,"চড়া (সাইকেল, ঘোড়া)",v
615,price,প্রাইস,দাম,n
617,problem,প্রবলেম,সমস্যা,n
650,river,রিভার,নদী,n
618,product,প্রোডাক্,পণ্য,n
651,road,রোড,রাস্তা,n
652,room,রুম,"কক্ষ, ঘর (n) অনুষ্ঠান",n
620,project,প্রজেক্ট,প্রকল্প (n),n
621,purple,পাপল,বেগুনি,"adj , n"
654,rule,রুল,নিয়ম,n
655,run,রান,দৌড়ানো,v
623,quarter,কোয়ার্টার,এক চতু্থাংশ,n
656,sad,স্যাড,দুঃখিত,adj
624,question,কোয়েশ্চেন,প্রশ্ন,n
657,salad,স্যাল্যাড,সালাদ,n
625,quick,কুইক,দ্রুত,adj
658,salt,সল্ট,লবণ,n
626,quickly,কুইকলি,দ্রুতভাবে,adv
660,sandwich,স্যান্ডউইচ,স্যান্ডউইচ,n
628,quite,কোয়াইট,"বেশ, সম্পূরণ (adv) রেডিও",n
661,Saturday,স্যাটারডে,শনিবার,n
631,read,রিড,পড়া (v) school (স্কুল) স্কুল,n
664,science,সায়েন্স,বিজ্ঞান,n
632,reader,রিডার,পাঠক,n
665,scientist,সায়েন্টিস্ট,বিজ্ঞানী,n
634,ready,রেডি,sea সাগর (n) প্রস্তুত,adj
635,real,রিয়েল,"বাস্তব, আসল (adj) (সেকেন্ড) দ্বিতীয়",det  number
636,really,রিয়েলি,সত্যিই,adv.
668,secondl,unit of time,,সেকেন্ড
637,reason,রিজন,কারণ (n) সেকেন্ড (সময়),n
669,section,সেকশন,"অংশ, বিভাগ",n
639,relax,রিল্যাক্স,আরাম করা,v
640,remember,রিমেম্বার,মনে রাখা,v
671,sell,সেল,বিক্রি করা,v
641,repeat,রিপিট,পুনরাবৃত্তি করা,v
672,send,সেন্ড,পাঠানো,v
642,report,রিপোর্ট,"রিপোর্ট, প্রতিবেদন",n
673,sentence,সেন্টেন্স,বাক্য,n
643,restaurant,রেস্টুরেন্ট,- রেস্টুরেন্ট,n
674,September,সেপ্টেম্বর,সেপ্টেম্বর,n
644,result,রেজাল্ট,ফলাফল,n
675,seven,সেভেন,সাত,number
676,seventeen,সেভেনটিন,সতেরো (v); ফেরত (n),number
646,rice,রাইস,"চাল, ভাত (n) Facebook Biborno Sahin",01726505437
677,seventy,সেভেন্টি,সত্তর,number
711,sometimes,সামটাইমজ,মাঝে মাঝে,adv
678,share,শেয়ার,ভাগ করা,v
712,So1l,সান,"পুত্র, ছেলে",n
713,song,সঙ,গান,n
680,sheep,শিপ,ভেডা,n
714,Soo1l,সুন,শীঘ্রই,adv
681,shirt,শারট,শাট,n
715,sorry,সরি,দুঃখিত,"adj , exclam"
716,sound,সাউন্ড,শব্দ (n); শোনা,v
717,soup,সুপ,স্যুপ (n) করা,v.
718,south,সাউথ,দক্ষিণ,"n, adj , adv"
684,shopping,শপিং,কেনাকাটা,n
719,space,স্পেস,"স্থান, মহাশূন্য",n
685,short,শট,"খাটো, ছোট",adj
720,speak,স্পিক,কথা বলা,v
686,should,শুড,উচিত,modal v.
721,special,স্পেশাল,বিশেষ,adj
687,show,শো,দেখানো (v); প্রদর্শনী,n
722,spell,স্পেল,বানান করা,v
688,shower,শাওয়ার,শাওয়ার,n
723,spelling,স্পেলিং,বানান,n
689,sick,সিক,অসুস্থ,adj
724,spend,স্পেন্ড,"ব্যয় করা, সময় কাটানো",v
690,similar,সিমিলার,অনুরূপ,adj
725,sport,স্পোর্ট,খেলাধুলা,n
691,sing,সিং,গান করা,v
726,spring,স্প্রিং,বসন্তকাল,n
692,singer,সিঙ্গার,গায়কগায়িকা,n
727,stand,স্ট্যান্ড,দাঁড়ানো,v
693,sister,সিস্টার,বোন,n
728,star,স্টার,তারা,n
694,sit,সিট,বসা,v
729,start,স্টাট,শুরু করা,v
695,situation,সিচুয়েশন,পরিস্থিতি,n
730,statement,স্টেটমেন্ট,- বিবৃতি,n
696,six,সিক্স,ছয়,number
731,station,স্টেশন,স্টেশন,n
697,sixteen,সিক্সটিন,ষোল,number
732,stay,স্টে,থাকা,v
698,sixty,সিক্সটি,যাট,number
733,still,স্টিল,এখনও,adv
699,skill,স্কিল,দক্ষতা,n
734,stop,স্টপ,থামা (v.); থামা,n:
700,skirt,স্কাট,স্কার্ট,n
735,story,স্টোরি,গল্প,n
701,sleep,স্নলিপ,ঘুমানো,v
736,street,স্ট্রিট,রাস্তা,n
702,slow,স্লো,ধীর,adj
737,strong,স্ট্রং,শক্তিশালী,adj
703,small,স্মল,- ছোট,adj
738,student,স্টুডেন্ট,ছাত্র ছাত্রী,n
704,snake,স্নেক,সাপ,n
705,snow,স্নো,বরফ (n ); তুষারপাত হওয়া পড়াশোনা (n),v.
740,style,স্টাইল,"শৈলী, ধরন",n
706,SO,সো,তাই,"adv , conj"
741,subject,সাবজেক্ট,- বিষয়,n
707,some,সাম,কিছু,"det , pron"
742,success,সাকসেস,সাফল্য,n
708,somebody,সামবডি,কেউ,pron
743,sugar,সুগার,চিনি,n
709,someone,সামওয়ান,কেউ,pron:
744,summer,সামার,গ্রীষ্মকাল,n
745,sun,সান,সূর্য (n) Facebook Biborno Sahin,01726505437
746,Sunday,সানডে,রবিবার,n
780,they,দেই,তারা,pron
781,thing,থিং,জিনিস (n),n
782,think,থিংক,ভাবা,v
748,sure,শিওর,নিশ্চিত,adj
783,third,থারড,তৃতীয়,number
749,sweater,সুইটার,সোয়েটার,n
784,thirsty,থারস্টি,তৃষ্ণাত,adj
750,swim,সুইম,- সাঁতার কাটা,v
785,thirteen,থারটিন,তেরো,number
751,swimming,সুইমিং,সাঁতার,n
786,thirty,থাটি,ত্রিশ,number
752,table,টেবিল,টেবিল,n
787,this,দিস,এটি,det  pron
753,take,টেইক,নেওয়া,v
788,thousand,থাউজেন্ড,হাজার,number
754,talk,টক,কথা বলা,v
789,three,থ্রি,তিন,number
755,tall,টল,লম্বা,adj
790,through,থ্রু,মধ্য দিয়ে,"prep , adv."
756,taxi,ট্যাক্সি,ট্যাক্সি,n
791,Thursday,থারসডে,বৃহস্পতিবার,n
757,tea,Tি,চা,n
792,ticket,টিকেটি,টিকিট,n
758,teach,টিচ,শেখানো,v
793,time,টাইম,সময়,n
759,teacher,টিচার,শিক্ষক শিক্ষিকা,n
794,tired,টায়ার্ড,ক্লান্ত,adj
760,team,টিম,দল,n
795,title,টাইটেল,- শিরোনাম,n
761,teenager,টিনেজার,কিশোর কিশোরী,n
762,telephone,টেলিফোন,টেলিফোন (n); marker) টেলিফোন করা,v
797,today,টুডে,আজ,"adv , n"
763,television,টেলিভিশন,- টেলিভিশন,n
764,tell,টেল,বলা,v
799,toilet,টয়লেট,টয়লেট,n
765,ten,টেন,দশ,number
766,tennis,টেনিস,টেনিস,n
801,nobody,নোবডি,কেউ না,pron:
767,terrible,টেরিবল,"ভয়ংকর, জঘন্য",adj
802,north,নথ,উত্তর,"n , adj , adv"
768,test,টেস্ট,পরীক্ষা (n); পরীক্ষা করা,v
803,nose,নোজ,নাক,n
769,text,টেক্সট,"- টেক্সট, লিখিত বাতা",n
804,not,নট,না,adv
770,than,দ্যান,চেয়ে,conj
805,note,নোট,"নোট, টীকা",n
771,thank,থ্যাংক,ধন্যবাদ দেওয়া,v
806,nothing,নাথিং,- কিছুই না,pron
772,thanks,থ্যাংকস,ধন্যবাদ,"exclam, n"
807,November,নভেম্বর,নভেম্বর,n
773,that,দ্যাট,"যে, ওই","det , pron , conj"
808,IOTY,নাউ,এখন,adv
774,the,দিদা,"টি, টা",নির্দিষ্ট নির্দেশক
809,number,নামবার,সংখ্যা,n
775,theatre,থিয়েটার,থিয়েটার,n
810,nurse,নাস,নাস,n
776,their,দেয়ার,তাদের,det
811,object,অবজেক্,বস্তু; উদ্দেশ্য,n
777,them,দেম,তাদের (pron) 812. 0'clock (ও'ক্লক) টা,সময় বাঝাতে
778,then,দেন,তারপর (adv),adv.
813,October,অকটোবর,অকযোবর (n) Facebook Biborno Sahin,01726505437
814,of,অফ,এর,prep
815,off,অফ,বন্ধ,"adv , prep"
816,office,অফিস,"অফিস, কার্যালয়",n
817,often,অফেন,প্রায়শই,adv.
818,oh,ওহ,ও5,exclam
0,ld,ওল্ড,"পুরাতন, বয়স্ক",adj
821,on,অন,উপর,"prep , adv"
823,one,ওয়ান,এক,"numberidet , pron"
824,onion,অনিয়ন,পেঁয়াজ,n
843,paper,পেপার,কাগজ,n
844,paragraph,প্যারাগ্রাফ,অনুচ্ছেদ,n
845,parent,প্যারেন্ট,পিতা বা মাতা,n
846,park,পাক,পাক (n); গাড়ি পাক করা,V.
847,part,পাট,অংশ,n
848,partner,পার্টনার,"অংশীদার, সঙ্গী",n
849,party,পাটি,"পার্টি, দল",n
850,passport,পাসপোর্ট,পাসপোর্ট,n
851,past,পাস্ট,অতীত,"adj , I1. prep"
852,pay,পে,পরিশোধ করা,v
853,pen,পেন,কলম,n
854,pencil,পেন্সিল,পেন্সিল,n
855,people,পিপল,মানুষ,n
856,pepper,পেপার,গোলমরিচ; ক্যাপসিকাম,n
857,perfect,পারফেক্ট,- নিখুঁত,adj
859,person,পাসন,ব্যক্কতি,n
860,personal,পাসোনাল,ব্যক্তিগত,adj
861,phone,ফ্,ফোন (n); ফোন করা,V.
862,photo,ফোটো,ছবি,n
863,photograph,ফোটোগ্রাফ,ছবি,n
864,phrase,ফ্রেজ,"শব্দগুচ্ছ, বাক্যাংশ",n
865,piano,পিয়ানো,পিয়ানো,n
866,picture,পিকচার,ছবি,n
867,piece,পিস,"টুকরা, অংশ",n
868,pig,পিগ,শূকর,n
869,pink,পিঙ্ক,গোলাপী,"adj , n"
870,place,প্লেস,স্থান,n
871,plan,প্ল্যান,পরিকল্পনা (n); পরিকল্পনা করা,v
872,plane,প্লেইন,- বিমান,n
873,plant,প্ল্যান্ট,গাছ,n
827,open,ওপেন,খোলা (adj ); খোলা,v
828,opinion,ওপিনিয়ন,মতামত,n
829,opposite,অপোজিট,বিপরীত,"adj , n , prep , adv"
830,or,অর,অথবা,conj
831,orange,অরেগজ,কমলা (n); কমলা রঙের,adj
832,order,অর্ডার,"আদেশ, ক্রম (n); আদেশ করা",v
0,ll1,আওয়ার,আমাদের,det
835,out,আউট,বাইরে,adv  prep
836,outside,আউটসাইড,বাইরে,adv
838,own,ওন,নিজের,adj  pron
839,page,পেইড,পৃষ্ঠা,n
840,paint,পেইন্ট,রং করা (v); রং,n
841,painting,পেইন্টিং,চিত্রকম,n
842,pair,পেেয়ার,জোডা,n
874,play,প্লে,খেলা করা (v); খেলা,n
875,player,প্লেয়ার,খেলোয়াড়,n
876,please,প্লিজ,দয়া করে,exclam
877,point,পয়েন্ট,- বিন্দু; মূল বিষয়,n
878,police,পুলিশ,পুলিশ,n
879,policeman,পুলিশম্যান,পুলিশ সদস্য (পুরুষ),n
880,pool,পুল,পুকুর; সুইমিং পুল,n
881,poor,পুর,"গরিব, দরিদ্র",adj
882,popular,পপুলার,জনপ্রিয়,adj
883,positive,পজিটিভ,- ইতিবাচক,adj
884,possible,পসিবল,সম্ভব,adj
885,post,পেস্ট,পোেস্ট (n); পেস্ট করা,V.
886,potato,পটাটো,আলু,n
887,pound,পাউন্ড,পাউন্ড (মুদ্রাওজন),n
888,practice,প্র্যাকটিস,- অনুশীলন,n
889,practise,প্র্যাকটিস,অনুশীলন করা,v
890,prefer,প্রেফার,পছন্দ করা,v
891,prepare,প্রিপেয়ার,প্রস্তুত করা,v
892,present,প্রেজেন্ট,বর্তমান (adj ); উপহার,n
893,pretty,প্রিটি,সুন্দর (adj ); বেশ,adv
894,price,প্রাইস,দাম,n
895,probably,প্রবাবলি,সম্ভবত,adv
896,problem,প্রবলেম,সমস্যা,n
897,product,প্রোডাক,পণ্য,n
898,programme,প্রোগ্রাম,"প্রগ্রাম, অনুষ্ঠান",n
899,project,প্রজেক,প্রকল্প,n
900,purple,পাপল,বেগুনি,"adj , n"
901,put,পুট,রাখা,v
902,quarter,কোয়ার্টার,এক চতুথাংশ,n
903,question,কোয়েশ্চেন,প্রশ্ন,n
904,quick,কুইক,দ্রুত,adj
905,quickly,কুইকলি,দ্রুতাবে,adv
906,quiet,কোয়ায়েট,শান্ত,adj
907,quite,কোয়াইট,"বেশ, সম্পূর্ণ",adv:
908,radio,রেডিও,রেডিও,n
909,rain,রহন,বৃষ্টি (n); বৃষ্টি হওয়া,v
910,read,রিড,পড়়া,v
911,reader,রিডার,পাঠক,n
912,reading,রিডিং,পড়়া,n
913,ready,রেডি,প্রস্তুত,adj
914,real,রিয়েল,"বাস্তব, আসল",adj
915,really,রিয়েলি,সত্যিই,adv.
916,reason,িজন,কারণ,n
918,relax,রিল্যাক্স,আরাম করা,v
919,remember,রমেম্বার,মনে রাখা,v
920,repeat,রিপিট,পুনরাবৃত্তি করা,v
921,report,রিপোর্ট,"রিপোরট, প্রতিবেদন",n
922,restaurant,রেস্টুরেন্ট,- রেস্টুরেন্ট,n
923,result,রেজাল্ট,ফলাফল,n
924,return,রিটান,ফিরে আসাদেেওয়া (V.); ফেরেত,n.
925,rice,রাইস,"চল, ভাত",n
926,rich,রিচ,ধনী,adj
927,ride,রাইড,"চড়া (সাইকেল, ঘোড়া)",v
928,right,রাইট,সঠিক; ডান,"adj , adv. I."
929,river,রিভার,নদী,n
930,road,ররড,রাস্তা,n
931,room,রুম,"কক্ষ, ঘর",n
933,rule,রুল,নিয়ন,n
934,run,রান,দৌড়ানো,v
935,sad,স্যাড,দুঃখিত,adj
936,salad,স্যাল্যাড,সালাদ (n) Facebook Biborno Sahin,01726505437
937,salt,সল্ট,লবণ,n
938,samne,সেইম,একই,"adj , pron , adv"
939,sandwich,স্যান্ডউইচ,স্যান্ডউইচ,n
940,Saturday,স্যাটারডে,শনিবার,n
941,say,সেই,বলা,v
942,school,স্কুল,স্কুল,n
943,science,সায়েন্স,বিজ্ঞান,n
944,scientist,সায়েন্টিস্ট,বিজ্ঞানী,n
946,secondl,next after the first,(সেকেন্ড) দ্বিতীয়,det  number
947,second1,unit of time,(সেকেন্ড) সেকেন্ড (সময়),n
948,section,সেকশন,"অংশ, বিভাগ",n
950,sell,সেল,বিক্রি করা,v
951,send,সেন্ড,পাঠানো,v
952,sentence,সেন্টেন্স,বাক্য,n
953,September,সেপ্টেম্বর,সেপ্টেম্বর,n
954,seven,সেভেন,সাত,number
955,seventeen,সেভেনটিন,সতেরো,number
956,seventy,সেভেন্টি,সত্তর,number
957,share,শেশয়ার,ভাগ করা,v
958,she সেসে,স্ত্রী,,pron
959,sheep,শিপ,ভেডাো,n
960,shirt,শারট,শাট,n
961,shoe,শু,জুতো,n
962,shop,শপ,দোকান (n); কেনাকাটা করা,v
963,shopping,শপিং,কেনাকাটা,n
964,short,শট,"খাটো, ছোট",adj
965,should,শুড়,উচিত,modal v
966,show,শোশ,দেখানো (v ); প্রদশনী,n
967,shower,শাওয়ার,শাওয়ার,n
968,sick,সিক,অসুস্থ,adj
969,similar,সিমিলার,অনুরূপ,adj
970,sing,সিং,গান করা,v
971,singer,সিঙ্গার,গায়কগায়িকা,n
972,sister,সিস্টার,বোন,n
973,sit,সিট,বসা,v
974,situation,সিচুয়েশন,পরিস্থিতি,n
975,slx,সিক্স,চয়,number
976,sixteen,সিক্সটিন,ঘোল,number
977,sixty,সিক্সটি,যাট,number
978,skill,স্কিল,দক্ষতা,n
979,skirt,স্কাট,- স্কাট,n
980,sleep,স্লিপ,ঘুমানো,v
981,slow,সলো,ধীর,adj
982,small,স্মল,ছোট,adj
983,snake,সম্নেক,সাপ,n
984,snoW {স্না) বরফ,n,; তুষারপাত হওয়া,v
985,SO,স,তাই,"adv , conj"
986,some,সাম,কিছু,"det , pron"
987,somebody,সামবডি,কেউ,pron:
988,someone,সমওয়া,কেউ,pron:
989,something,সামথিং,কিছু একটা,pron
990,sometimes,সামটাইমজ,মাঝে মাঝে,adv.
991,son,সান,"পুত্র, ছেলে",n
992,song,সঙ,গান,n
993,S0011,সুন,শীঘ্রই,adv.
994,sorry,সরি,দুঃখিত,"adj , exclam"
995,sound,সাউন্ড,শব্দ (n); শোনা,v
996,soup,সুপ,স্যুপ,n
997,south,সাউথ,দাক্ষণ,"n, adj , adv"
998,space,স্পেস,"স্থান, মহাশূন্য",n
999,speal,স্পিক,কথা বলা,v
1000,special,স্পেশাল,বিশেষ (adj) Facebook Biborno Sahin,01726505437
1001,spell,স্পেল,বানান করা,v
1002,spelling,সপলিং,বানান,n
1003,spend,স্স্পেন্ড,"ব্যয় করা, সময় কাটানো",v
1004,sport,স্পোর্ট,খেলাধুলা,n
1005,spring,স্প্রিং,বসন্তকাল,n
1006,stand,স্ট্যান্ড,দাঁড়ানো,v
1007,star,স্টার,তারা,n
1008,start,স্টাট,শুরু করা,v
1009,statement,স্টেটমেন্ট,- বিবৃতি,n
1010,station,স্টেশন,স্্টেশন,n
1011,stay,স্টে,থাকা,v
1012,still,স্টিল,এখনও,adv
1013,stop,স্টপ,থামা (v); থামা,n:
1014,story,স্টোরি,গল্প,n
1015,street,স্ট্রিট,রাস্তা,n
1016,strong,স্ট্রং,শক্তিশালী,adj
1017,student,স্টুডেন্ট,ছাত্র ছাত্রী,n
1018,study,স্টাডি,পড়শোনা করা (v); পডশোনা,n
1019,style,স্টাইল,"শৈলী, ধরন",n
1020,subject,সাবজেক,- বিষয়,n
1021,success,সাকসেস,সাফল্য,n
1022,sugar,সুগার,চিনি,n
1023,summer,সামার,গ্রীষ্মকাল,n
1024,sun,সান,সূয,n
1025,Sunday,সানডে,রবিবার,n
1026,supermarket,সুপারমার্কেট,সুপারমাকেট,n
1027,sure,শিওর,নিশ্চিত,adj
1028,sweater,সুইটার,সোয়েটার,n
1029,swim,সুইম,সাঁতার কাটা,v
1030,swimming,সুইমিং,সাঁতার,n
1031,table,টেবিল,টেবিল,n
1032,take,টেইক,নেওয়া,v
1033,talk,টক,কথা বলা,v
1034,tall,টল,লম্বা,adj
1035,taxi,ট্যাক্সি,ট্যাক্সি,n
1037,teach,টচ,শেখানো,v
1038,teacher,টিচার,শিক্ষক শিক্ষিকা,n
1039,team,টিম,দল,n
1040,teenager,টিনেজার,কিশোর কিশোরী,n
1041,telephone,টেলিফোণ,টেলিফোন (n); টেলিফোন করা,v.
1042,television,টেলিভিশন,টেলিভিশন,n
1043,tell,টেল,বলা,v
1044,ten,টেন,দশ,number
1045,tennis,টেনিস,টেনিস,n
1046,terrible,টেরিবল,"পয়ংকর, জঘন্য",ad]
1047,test,টেস্ট,পরীক্ষা (n); পরীক্ষা করা,V.
1048,text,টেক্সট,"টেক্সট, লিখিত বাতা",n
1049,than,দ্যান,চেযে,conj
1050,thank,থ্যাংক,ধন্যবাদ দেওয়া,v
1052,that,দ্যাট,"যে, ওই","det , pron conj"
1053,the,দিদা,"টি, টা",নিদিষ্ট নিদেশক
1054,theatre,থিয়েটার,থিয়েটার,n
1055,their,দেযার,তাদের,det
1056,them,দেম,তাদের,pron
1057,then,দেন,সপর,adv
1058,there,দেযার,সেখানে,adv
1059,they,দেহ,তারা,pron
1060,rning,থিং,জিনিস,n
1061,think,থিংক,ভাবা,v
1062,third,থারড,তৃতীয়,number
1063,thirsty,থারস্টি,- তৃষ্ণাত,adj
1064,thirteen,থারটিন,তেরো,number
1065,thirty,থাটি,ত্রিশ,number
1066,this,দিস,এটি,det  pron
1067,thousand,থাউজেন্ড,হাজার,number
1068,three,থরি,তিন,number
1069,through,থরু,মধ্য দিয়ে,"prep , adv"
1070,Thursday,থারসডে,বৃহস্পতিবার,n
1071,ticket,টিকেটি,টিকিট,n
1072,time,টাইম,সময়,n
1073,tired,টায়ার্ড,ক্লান্ত,adj
1074,title,টাইটেল,"- শিরোনাম (n) 1075. 10 প্রতি, দিকে","prep , infinitive marker"
1076,today,টুডে,আজ,"adv ,n"
1077,together,টুগেদার,একসাথে,adv
1078,toilet,টয়লেট,টয়লেট,n
1359,lock,লক,তাা; তালা মারা,"V,n"
1360,look,লুক,দেখা,n:
1361,lorry,লরি,লরি,n
1362,lost,লস্ট,হারানো,adj
1363,loud,লাউড,উচ্চস্বরে,"adj , adv."
1364,loudly,লাউডলি,উচ্চস্বরে,adv
1365,lovely,লাভলি,সুন্দর,adj
1366,low,লো,নিচু,"adj , adv"
1367,luck,লাক,ভাগ্য,n
1368,lucky,লাকি,ভাগ্যবান,adj
1369,mail,মেইল,ডাক; মেইল করা,"n, v"
1370,major,মেজর,প্রধান,adj
1371,male,মেল,পুরুষ,"adj ,n"
1373,manager,ম্যানেজার,ববস্থাপক,n
1374,manner,ম্যানার,পদ্ধতি; আচরণ,n
1375,mark,মাক,চিহ্ন; চিহ্নিত করা,"V , Il."
1376,marry,ম্যারি,বিয়ে করা,v.
1377,material,মেটেরিয়াল,- উপাদান,n
1379,maths,ম্যাথস,গণিত,n
1380,matter,ম্যাটার,- বিষয়; গুরুত্ব দেওয়া,"11., V."
1381,may,মে,পারা,modal v
1382,media,মিডিয়া,গণমাধ্যম,n
1383,medical,মেডিকেল,চিকিংসা সংক্রান্ত,ad].
1384,medicine,মেডিসিন,ঔষধ,n
1385,memory,মেমরি,স্মৃতি,n
1386,mention,মেনশন,উল্লেখ করা,v
1387,metal,মেটাল,ধাতু,n
1388,method,মেথড়,পদ্ধতি,n
1389,middle,মিডল,মধ্য,"n, adj"
1390,might,মাইটি,পারা,modal v
1391,mind,মাইন্ড,মন; মনে করা,"n., V"
1393,mirror,মিরর,আয়না,n
1394,missing,মিসিং,অনুপস্থিত,adj
1395,mobile,মোবাইল,মোবাইল,"adj ,n"
1396,monkey,মানকি,বানর,n
1397,moon,মুন,চাঁদ,n
1398,mostly,মোস্টলি,বেশিরভাগ,adv
1399,motorcycle,মোটরসাইকেল,মোটরসাইকেল,n
1400,movement,মুভমেন্ট,আন্দোলন; চলন,n
1401,musical,মিউজিকাল,বাদযযন্ত্র সংক্রান্ত,adj
1402,musician,মিউজিশিয়ান,সঙ্গীতজ্ঞ . Facebook Biborno Sahin,01726505437
1403,myself,মাইসেল্ফ,আমি নিজে,pron
1404,narrow,ন্যারো,সরু,adj
1405,national,ন্যাশনাল,জাতীয়,adj
1406,nature,নেচার,প্রকৃতি,1.
1407,nearly,নিয়ারলি,প্রায়,adv
1408,necessary,নেসেসারি,প্রয়োজনীয়,adj.
1409,neck,নেক,ঘাড়,n
1410,need,নিড,প্রয়োজন,n
1411,neither,নাইদার,কোনটিই না,det  pron
1412,nervous,নাভাস,"- চিন্তিত, অস্থির",adj.
1413,network,নেটওয়াক,নেটওয়াক,n
1414,noise,নয়েজ,শব্দ,n
1415,noisy,নয়েজি,- কোলাহলপূর্ণ,adj
1416,none,নান,কেউ না,pron:
1417,normal,নরমাল,স্বাভাবিক,adj
1420,novel,নভেল,উপন্যাস,n
1422,number,নামবার,সংখ্যা,v
1423,nut,নাট,বাদাম,n
1424,ocean,ওশন,মহাসাগর,n
1425,offer,অফার,প্রস্তাব; প্রস্তাব করা,"V , I1."
1426,officer,অফিসার,অফিসার,n
1427,oil,অয়েল,তেল,n
1428,onto,অন্টো,উপরে,prep
1430,option,অপশন,বিকল্প,n
1431,ordinary,অডিনারি,সাধারণ,adj
1432,organization,অগানাইজেশন,সংস্থা,n.
1433,organize,অগানাইজ,সংগঠিত করা,V.
1434,original,অরিজিনাল,আসল,adj
1435,ourselves,আওয়ারসেল্ক,আমরা নিজেরা,pron
1436,outside,আউটসাইড,বাইরে,"prep , Il. adj"
1437,oven,ওভেন,ওতেন,n
1438,own,ওন,নিজের,v
1439,owner,ওনার,মালিক,n
1440,pack,প্যাক,প্যাক করা,v
1441,pain,পেইন,ব্যথা,n:
1442,painter,পেইন্টার,- চিত্রশিল্পী,n
1443,palace,প্যালেস,প্রাসাদ,n:
1444,pants,প্যান্টস,প্যান্ট,n
1445,parking,পার্কিং,পার্কিং,n
1446,particular,পার্টিকুলার,বিশেষ,adj
1447,pass,পাস,পাস করা,v
1448,passenger,প্যাসেঞ্জার,যাত্রী,n
1449,past,পাস্ট,অতীত,adv.
1450,patient,পেশেন্ট,- রোগী,n
1451,pattern,প্যাটান,প্যাটান,n
1452,pay,পে,বেতন,n
1453,peace,পপিস,শান্তি,n
1454,penny,পেনি,পেনি,n
1455,per,পার,প্রতি,prep
1459,permission,পারমিশন,- অনুমতি,n
1461,pet,পেট,পোষা প্রাণী,n
24,amazing,অ্যামেজিং,আশ্চর্যজনক,adj
25,and,অ্যান্ড,এবং,conj
61,beach,বিচ,সমুদ্র সৈকত,n
26,angry,অ্যাংরি,রাগান্বিত,adj
62,beautiful,বিউটিফুল,সুন্দর,adj
27,animal,অ্যানিমেল,প্রাণী,n
63,because,বিকজ,কারণ,conj
28,another,অ্যানাদার,অন্য একটি,det  pron
64,become,বিকাম,"হওয়া, পরিণত হওয়া",v
29,answer,অ্যানসার,উত্তর (n ); উত্তর দেওয়া,v
65,bed,বেড,বিছানা,n
30,any,এনি,"যেকোনো, কিছু","det , pron"
66,bedroom,বেডরুম,শোবার ঘর,n
31,anyone,এনিওয়ান,যে কেউ,pron
67,beer,বিয়ার,- বিয়ার,n
32,anything,এনিথিং,যেকোনো কিছু,pron
68,before,বিফোর,"আগে, পূর্বে",prep
33,apartment,অ্যাপার্টমেন্ট,"অ্যাপার্টমেন্ট, ফ্ল্যাট",n
69,begin,বিগিন,শুরু করা,v
34,apple,অ্যাপল,আপেল,n
70,beginning,বিগিনিং,"শুরু, আরম্ভ",n
35,April,এপ্রিল,এপ্রিল,n
71,behind,বিহাইন্ড,পেছনে,"prep , adv"
36,area,এরিয়া,এলাকা,n
72,believe,বিলিভ,বিশ্বাস করা,v
37,arm,আর্ম,"বাহু, হাত",n
73,below,বিলো,নিচে,"adv , prep"
38,around,অ্যারাউন্ড,চারপাশে,"prep , adv"
74,best,বেস্ট,"সেরা, সবোত্তম",adj
39,arrive,অ্যারা ইভ,পৌঁছানো,v
75,better,বেটার,ভালো (তুলনামূলক),adj
40,art,আর্ট,শিল্প,n
76,between,বিটুইন,"মাঝে, দুইয়ের মধ্যে",prep
41,article,আর্টিকেল,প্রবন্ধ,n
77,bicycle,বাইসাইকেল,সাইকেল,n
42,artist,আর্টিস্ট,শিল্পী,n
78,big,বিগ,বড়,adj
43,as,অ্যাজ,হিসাবে,prep
79,bike,বাইক,"বাইক;, সাইকেল",n
44,ask,আস্ক,জিজ্ঞাসা করা,v
80,bill,বিল,"বিল, চালান",n
45,at,অ্যাট,"এ, তে",prep
81,bird,বার্ড,পাখি,n
46,August,অগাস্ট,আগস্ট,n
82,birthday,বার্থডে,জন্মদিন,n
47,aunt,আন্ট,"খালা, ফুপু; মাসি, পিসি",n
83,black,ব্ল্যাক,কালো,"adj , n."
48,autumn,অটাম,শরংকাল,n
84,blog,ব্লগ,ব্লগ,n
49,away,অ্যাওয়ে,দূরে,adv
85,blonde,ব্লন্ড,সোনালী ঢুলের,adj
50,baby,বেবি,শিশু,n
86,blue,ব্লু,নীল,"adj , Il."
51,back,ব্যাক,পিঠ (n ); পিছনে,adv
87,boat,বোট,নৌকা,n
52,bad,ব্যাড,খারাপ,adj
88,body,বডি,শরীর,n
53,bag,ব্যাগ,ব্যাগ,n
54,ball,বল,বল,n
90,boot,বুট,বুট (জুতো),n
55,banana,ব্যানানা,কলা,n
91,bored,বোরড,- বিরক্ত (অনুভূতি),adj
56,band,ব্যান্ড,ব্যান্ড,n
92,boring,বোরিং,বিরক্তিকর,adj
57,bank,money,(ব্যাংক) ব্যাংক,n
93,born,বর্ন,জন্ম নেওয়া,v
58,bath,বাথ,গোসল,n
94,both,বোথ,"- উভয়, দুজনই",det  pron
59,bathroom,বাথরুম,গোসলখানা (n) Facebook Biborno Sahin,01726505437
1462,petrol,পেট্রোল,পেট্রোল,n
1463,photograph,ফটোগ্রাফ,ছবি তোলা (adj.),V.
1496,professor,প্রফেসর,অধ্যাপক,n
1464,physical,ফিজিকাল,শারীরিক,adj
1497,profile,প্রোফাইল,প্রোফাইল,n
1465,physics,ফিজিক্স,পদাথবিজ্ঞান,n
1498,program,প্রোগ্রাম,প্রোগ্রাম,n
1466,pick,পিক,তোলা,v
1499,progress,প্রোগ্রেস,অগ্রগতি,n
1467,pilot,পাইলট,পাইলট,n
1468,planet,প্ল্যানেট,গ্রহ (n) দেওয়া,"V,n:"
1469,plant,প্ল্যান্ট,রোপণ করা,v
1471,plate,প্লেট,প্লেট,n
1502,protect,প্রোটেক্ট,রক্ষা করা,v
1472,platform,প্ল্যাটফরম,প্ল্যাটফম,n
1474,pleased,প্লিজড,সন্তুষ্ট (adj ) পাব,n
1475,pocket,পকেট,পকেট,n
1476,polite,পোলাইট,ভদ্র (adj ) জনসাধারণ,"adj , n:"
1506,publish,পাবলিশ,প্রকাশ করা (v) দূষণ (n ) পপ সঙ্গীত,"n , adj"
1507,pull,পুল,টানা,v.
1508,purpose,পারপাস,উদ্দেশ্য,n
1510,quality,কোয়ালিটি,গুণ,n
1511,quantity,কোয়ান্টিটি,পরিমাণ,n
1482,possibility,পসিবিলিটি,সম্ভাবনা,n
1512,queen,কুইন,রাণী,n
1483,poster,পোস্টার,পোস্টার,n
1513,question,কোয়েশ্চেন,প্রশ্ন করা,v
1484,power,পাওয়ার,ক্ষমতা,n
1485,predict,প্রেডিক,অনুমান করা (v),adv.
1486,present,প্রেজেন্ট,উপস্থাপন করা,v
1516,railway,রেলওয়ে,রেলপথ,n
1488,prevent,প্রিভেন্ট,প্রতিরোধ করা,v
1517,raise,রেইজ,- উত্তোলন করা,v
1489,print,প্রিন্ট,প্রিন্ট করা,v
1518,rate,রেরট,হার,n
1490,printer,প্রিন্টার,প্রিন্টার,n
1519,rather,রাদার,বরং,adv
1491,prison,প্রিজন,তেলখানা,n
1520,reach,রচ,পোঁছানো,v.
1492,prize,প্রাইজ,পুরস্কার,n
1493,process,প্রসেস,প্রক্রিয়া (n),V.
1522,realize,রিয়েলিজ,উপলব্ধি করা (v),V.
1523,receive,রিসিভ,গ্রহণ করা (v) Facebook Biborno Sahin,01726505437
1524,recent,রিসেন্ট,সাম্প্রতিক,adj
1525,recently,রিসেন্টলি,সম্প্রতি,adv
1526,reception,রিসেপশন,অভ্যথনা,n
1527,recipe,রেসিপি,রেসিপি,n
1528,recognize,রেকগনাইজ,চিনতে পারা,V.
1529,recommend,রিকমেন্ড,সুপারিশ করা,V.
1530,record,রকর্ড,রেকর্ড; রেকর্ড করা,"1., V."
1531,recording,রেকর্ডিং,রেকরডিং,n
1532,recycle,রিসাইকেল,- পুনর্ব্যবহার করা,V.
1533,reduce,রিডিউস,কমানো,v
1534,refer,রিফার,উল্লেখ করা,v.
1535,refusel,রিফিউজ,প্রত্যখখ্যান করা,V.
1536,region,রিজিওন,অঞচল,n
1537,regular,রেগুলার,নিয়়মিত,adj
1539,remove,রিমুভ,অপসারণ করা,v
1540,repair,রিপেয়ার,মেরামত করা,v
1541,replace,রিপ্লেস,প্রতিস্থাপন করা,v
1542,reply,রিপ্লাই,উত্তর; উত্তর দেওয়া,"v , I1."
1543,report,রিপোর্ট,- রিপোর্ট করা,v
1544,reporter,রিপোর্টার,প্রতিবেদক,n
1545,request,রিকোয়েস্ট,অনুরোধ,n
1546,research,রিসাচ,গবেষণা; গবেষণা করা,"n, V."
1547,researcher,রিসাচর,গবেষক,n
1548,respond,রেসপন্ড,সাড়া দেওয়া,v
1549,response,রেসপন্স,প্রতিক্রিয়া,n
1550,resti,রেস্ট,অবশিষ্ট অংশ (remaining part),n
1551,rest-,রেস্ট,বিশ্রান; বিশ্রান করা (sleep relax),"n , V."
1552,review,রিভিউ,পযালোচনা; পযালোচনা করা,"n , v"
1553,ride,রাইড,রাইড,n
1554,ringl,রিং,আংটি,n
1555,ring-,রিং,রিং করা,v
1556,rise,রাইজ,ওঠা,v
1557,rock1,রক,পাথর (stone),n
1558,rock-,রক,রক সঙ্গীত (music),n
1559,role,ররল,ভূমিকা,n
1560,roof,রুফ,ছাদ,n
1561,round,রাউন্ড,গোলাকার,"adj , adv , prep"
1562,route,রুট,পথ,n
1563,rubbish,রাবিশ,আবজনা,n
1564,rude,রুড,অভদ্র,adj
1565,run,রান,দৌড়,n
1566,runner,রানার,দৌড়বিদ,n
1567,running,রানিং,দৌড়ানো,n
1568,sadly,স্যাডলি,দুঃখের সাথে,adv
1569,safe,সেইফ,নিরাপদ,adj
1570,sail,সেইল,পাল তোলা,v
1571,sailing,সেইলিং,পালতোলা,n
1572,salary,স্যালারি,বেতন,n
1573,sale,সেল,বিক্রয়,n
1574,sauce,সস,সস,n
1575,save,সেইভ,বাঁচানো,v
1576,scared,স্কেয়ার্ড,ভীত,adj
1577,scary,স্কেয়ারি,ভীতিকর,adj
1578,scene,সিন,দশ্য,n
1579,schedule,শিডিউল,সময়সূটী,n
1581,screen,স্ক্রিণ,পদা,n
1582,search,সাচ,অনুসন্ধান; অনুসন্ধান করা,"n, V"
1583,season,সিজন,ঋতু,n
1584,seat,সিট,আসন,n
1585,second|,সেকেন্ড,দ্বিতীয় (next after the first),adv
1587,secret,সিক্রেট,গোপন; গোপনীয়,"adj ,n."
1588,secretary,সক্রেটারি,সচিব,n
1589,seem,সিন,মনে হওয়া,v
1590,sense,সেন্স,অনুভূতি,n
1591,separate,সেপারেট,পৃথক,adj
1592,series,সিরিজ,ধারাবাহিক,n
1593,serious,সিরিয়াস,গুরুতর,adj
1594,serve,সাভ,পরিবেশন করা,v
1595,service,সাভিস,পরিষেবা,n
1596,several,সেভারাল,বেশ কিছু,det  pron
1597,shake,শেক,ঝাঁকানো,v.
1598,shall,শ্যাল,উচিত,modal v
1599,shape,শেপ,- আকৃতি,n
1600,sheet,শিট,সাদর; পাতা,n
1601,ship,শিপ,জাহাজ,n:
1602,shoulder,শোল্ডার,কাঁধ,n
1603,shout,শাউট,চিংকার করা; ঢিংকার,V. Il.
1604,shut,শাট,বন্ধ করা; বন্ধ,"V , adj"
1606,sign,সাইন,চিহ্ন; স্বাক্ষর করা,"n , v"
1607,silver,সিলভার,রূপা; রূপালী,"n , adj"
1608,simple,সিম্পল,সরল,adj
1609,since,সিপ্স,যেহেতু,"prep , conj"
1610,singing,সিংগিং,গান গাওয়া,n
1611,single,সিঙ্গেল,একক,"adj ,n"
1612,sir,স্যার,স্যার,n
1613,site,সাইট,সাইট; স্থান,n
1614,size,সাইত,আকার,n
1615,ski,স্কি,স্কি করা; স্কি,"v , adj , n"
1616,skiing,স্কিয়িং,স্কিইং,n
1617,skin,স্কিণ,ত্বক,n
1618,sky,স্কাই,আকাশ,n
1619,sleep,স্লিপ,ঘুম,n
1620,slowly,স্লোলি,ধীরে ধীরে,adv
1621,smartphone,স্মার্টফোন,স্মাটফোন,n.
1622,smell,সমেল,গন্ধ; গন্ধ নেওয়া,"V.,n:"
1623,smile,স্মাইল,হাসি; হাসা,"v,n:"
1625,smoking,সমোকিং,ধমপান,n
1626,soap,সোপ,সাবান,n
1627,soccer,সকার,সকার,n
1628,social,সোশ্যাল,সামাজিক,adj
1629,society,সোসাইটি,সমাজ,n
1630,sock,সক,মোজা,n
1631,soft,সফট,নরম,adj
1632,soldier,সলজার,সৈনিক,n
1633,solution,সলিউশন,সমাধান,n
1634,solve,সল্ভ,সমাধান করা,v
1636,sort,সট,প্রকার,n
1637,source,সােস,উৎস,n
1638,speaker,স্পিকার,স্পিকার,n
1639,specific,স্পেসিফিক,নিদিষ্ট,adj
1640,speech,স্পিচ,বক্তৃতা,n
1641,speed,স্পিড,গতি,n
1642,spider,স্পাইডার,মাকড়সা,n
1643,spoon,স্পন,চম,n
1676,surprising,সারপ্রাইজিং,"আশ্চযযজনক (adj., 1. )",adj.
1645,stage,স্্টেজের,মঞ,n
1677,survey,সাভে,জরিপ,n
1646,stair,স্টেয়ার,- সিঁড়ি,n
1678,sweet,সুইট,মিষ্টি,"adj , n"
1647,stamp,স্ট্যাম্প,স্ট্যাম্প,n
1679,symbol,সিম্বল,প্রতীক,n
1648,star,স্টার,তারকা হওয়া,v
1680,system,সিস্টেম,সিস্টেম,n
1649,start,স্টাট,শুরু,n
1681,tablet,ট্যাবলেট,ট্যাবলেট,n
1650,state,স্টেট,রাজ্য; অবস্থা,n
1682,talk,টক,কথা বলা,n:
1651,stay,স্টে,থাকা,n
1683,target,টাগেট,লক্ষ্য,n
1652,steal,স্টিল,চুরি করা,v.
1684,task,টাস্ক,কাজ,n
1653,step,স্্টেপ,পদক্ষেপ,n
1655,stone,স্টোন,পাথর,n
1686,teaching,টিচিং,শিক্ষাদান,n
1656,store,স্্টোর,দোকান,n
1687,technology,টেকনোলজি,প্রযুক্তি,n
1657,storm,স্টম,ঝড়,n
1658,straight,স্স্ট্রেট,"সোজা (adv , adj )",adj.
1660,strategy,স্ট্র্যাটেজি,কৌশল,n
1690,term,টান,মেয়াদ; শব্দ,n
1661,stress,স্সট্রেস,চাপ; সাপ দেওয়া,"n., V."
1691,text,টেক্সট,টেক্সট করা,v
1662,structure,স্ট্রাকচার,কাঠামো,n
1663,stupid,স্টুপিড,বোকা (adj ) নিজেরা,pron
1664,succeed,সাকসিড,সফল হওয়া,v
1693,thick,থিক,পুরু,adj
1665,successful,সাকসেসফুল,সফল,adj
1666,such,সাচ,এমন,det  pron:
1695,thin,থিন,পাতলা,adj
1667,suddenly,সাডেনলি,হঠাং,adv
1696,thinking,থিংকিং,চিন্তা,n
1668,suggest,সাজেস্ট,প্রস্তাব করা,v
1697,third,থারড,তৃতীয়,n
1669,suggestion,সাজেশন,প্রস্তাব,n
1698,thought,থট,চিন্তা,n
1670,suit,সুট,স্ুট,n
1699,throw,থ্রো,নিক্ষেপ করা,v
1700,tidy,টাইডি,"পরিপাটি; পরিপাটি করা (V.,n.)","adj , V."
1672,suppose,সাপোজ,মনে করা,v
1701,tie,টাই,বাঁধা; টাই,"v ,n"
1673,sure,শিওর,নিশ্চিত,adv.
1702,tip,টিপ,- টিপস; ডগা,n
1703,tool,টুল,সরগ্জাম (n) করা,"n, V"
1704,top,টপ,শীষ; উপরের,"n , adj"
1705,touch,টাচ,স্পশ করা (v) (adj.) Facebook Biborno Sahin,01726505437
1706,tour,ট্যুর,প্রমণ,n
1707,tourism,ট্যুরিজম,পযটন,n
1708,towards,টোয়াডস,দিকে,prep
1709,towel,টাওয়েল,তোয়ালে,n:
1710,tower,টাওয়ার,টাওয়ার,n
1711,toy,টয়,খেলনা,"n , adj"
1712,track,ট্র্যাক,ট্র্যাক,n
1713,tradition,ট্রাডিশন,ঐতিহ্য,n
1714,traditional,ট্রাডিশনাল,ঐতিহ্যবাহী,adj
1715,train,ট্রেন,প্রশিক্ষণ দেওয়া,v
1716,trainer,ট্রেনার,প্রশিক্ষক,n
1717,training,ট্রেনিং,প্রশিক্ষণ,n
1718,transport,ট্রান্সপোর্ট,পরিবহন,n
1719,traveller,ট্রাভেলার,ভ্রমণকারী,n
1720,trouble,ট্রাবল,ঝামেলা,n
1721,truck,ট্রাক,ট্রাক,n
1722,twin,টুইন,যমজ,"n, adj"
1723,typical,টিপিকাল,সাধারণ,adj
1725,understanding,আন্ডারস্ট্যান্ডিং,বঝাপড়া,n
1726,unfortunately,আনফরচুনেটলি,দুভাগ্যক্রমে,adv
1727,unhappy,আনহ্যাপি,- অসুখী,adj
1728,uniform,ইউনিফম,ইউনিফম,n
1729,unit,ইউনিট,একক,n
1730,united,ইউনাইটেড,একত্রিত,adj
1731,unusual,আনইউজুয়াল,- অস্বাভাবিক,adj.
1732,upstairs,আপস্টেয়ারস,উপরে,adv
1733,use,ইউজ,ব্যবহার,n
1735,user,ইউজার,ব্যবহারকারী,n
1736,usual,ইউজুয়়াল,- স্বাভাবিক,adj
1737,valley,ভ্যালি,উপত্যকা,n
1738,van,ভ্যান,ভ্যান,n
1739,variety,ভ্যারাইটি,বিভিন্নতা,n
1740,vehicle,ভেহিকেল,যানবাহন,n:
1741,view,ভিউ,দৃশ্য,n
1742,virus,ভাইরাস,ভাইরাস,n
1743,voice,ভয়েস,কণ্ঠস্বর,n
1744,wait,ওয়েট,অপেক্ষা,n
1745,War,ওয়ার,যুদ্ধ,n
1746,wash,ওয়াশ,ধোয়া,n
1747,washing,ওয়াশিং,ধোযা,n
1748,wave,ওয়েভ,ঢেউ,n
1749,weak,উইক,দুবল,adj
1750,web,ওয়েব,ওযয়েব,n
1751,wedding,ওয়েডিং,বিবাহ,n
1752,weight,ওয়েট,ওজন,n
1753,welcome,ওয়েলকাম,স্বাগত,n
1754,wet,ওয়েট,ভেজা,adj
1755,wheel,হুইল,চাকা,n
1756,while,হোয়াইল,যখন,conj
1757,whole,হোেল,সম্পূ্ণ,adj
1758,whose,হুজ,কার,det  pron
1759,wide,ওয়াইত,প্রশস্ত,adj
1760,wild,ওয়াইল্ড,বন্য,adj
1761,wind,উইন্ড,বাতাস,n:
1762,winner,উইনার,বিজয়ী,n:
1763,wish,উইশ,- ইচ্ছা; ইচ্ছা করা,"v.,n"
1764,wood,উড,কাঠ,n
1765,wooden,উডেন,কাঠের,adj
1766,working,ওয়ার্কিং,কর্মরত,adj
1767,worried,ওয়ারিড,চিন্তিত,adj
1768,worry,ওযারি,চিন্তা করা,v
1769,Worse,ওয়াস,আরও খারাপ,adj
1770,worst,ওয়া্স্ট,সবচেযে খারাপ,adj
1771,wow,ওয়াও,ওয়াও,exclam
1772,yer,ইয়েট,এখনও (adv) অ্যালকোহলযুক্ত,adj
1799,alternative,অল্টারণেটিভ,বিকল্প (pron),adj.
1774,zero,জিরো,শূন্য,number
1800,amazed,অ্যামেজড,বিস্মিত,adj
1801,ambition,অ্যাম্বিশন,উচ্াকাঙ্ক্ষা (n),adv
1776,academic,একাডেমিক,একাডেোমিক (adj.),adj.
1804,analysis,অ্যানালাইসিস,বিশ্লেষণ,n
1805,announce,অ্যানাউন্স,ঘোষণা করা বাসস্থান (n),V.
1779,account,অ্যাকাউন্ট,- হিসাব,n
1780,achievement,অ্যাচিভমেন্ট,অজন ঘোষণা (n),n.
1807,annoy,অ্যানয়,বিরক্ত করা,v
1781,act,অ্যাক,কাজ,n
1808,annoyed,অ্যানয়েড,বিরক্ত,adj
1782,ad,অ্যাড,বিজ্ঞাপন,n
1783,addition,অ্যাডিশন,যোগ (n:),adj.
1810,apart,আপাট,আলাদা (adv),V.
1785,admit,অ্যাডমিট,ভতি করা; স্বীকার চাওয়া (v) করা,v
1786,advanced,অ্যাডভানসড,উন্নত (adj ),n.
1813,appointment,অ্যাপয়েন্টমেন্ট,(V.) অ্যাপয়েন্টমেন্ট,n
1788,afford,অ্যাফোড,সামথ্য থাকা,v
1789,age,এইজ,বয়স বাড়া (v) করা,v
1790,aged,এইজড,বয়স্ক,adj
1791,agent,এজেন্ট,প্রতিনিধি (n),adv
1792,agreement,এগ্রিমেন্ট,চুক্তি,n
1793,ahead,অ্যাহেড,সামনে (adv),"V.,11."
1794,aim,এইম,আগমন (n) লক্ষ্য; লক্ষ্য করা,"V,n"
1795,alarm,অ্যালাম,অ্যালাম,n
1818,assignment,অ্যাসাইনমেন্ট,অ্যাসাইনমেন্ট,n:
1796,album,অ্যালবাম,অ্যলবাম,n
1797,alcohol,অ্যালকোহল,অ্যালকোল সাহায্য করা (v) (1. Facebook Biborno Sahin,01726505437
1820,atmosphere,অ্যাটমোস্কফিয়ার,বায়ুমণ্ডল,n
1821,attach,অ্যাটাচ,সংযুক্ত করা,v
1822,attitude,অ্যাটিটিউড,মনোভাব,n
1823,attract,অ্যাট্রাক,আকর্ষণ করা,v
1824,attraction,অ্যাট্রাকশন,আকষণ,n
1825,authority,অথরিটি,কতৃপক্ষ,n
1826,average,অ্যাভারেজ,গড়,v.
1827,award,অ্যাওয়াড,পুরস্কার; পুরস্কার দেওয়া,v
1828,aware,অ্যাওয়ার,সচেতন,adj
1829,backwards,ব্যাকওয়াডস,পিছনের দিকে,adv
1830,bake,বেক,সেঁকা,v
1831,balance,ব্যালেন্স,সরসাম্য; ভারসাম্য বজায় রাখা,"n, V"
1832,ban,ব্যান,নিষেধাজ্ঞা; নিষিদ্ধ করা,"V., n1."
1833,bank,ব্যাংক,নদীর তীর (river),n
1834,base,বেস,ভিত্তি; ভিত্তি স্থাপন করা,"11., V."
1835,basic,বেসিক,মৌলিক,adj
1836,basis,বেসিস,ভিত্তি,n
1837,battery,ব্যাটারি,ব্যাটারি,n
1838,battle,ব্যাটল,যুদ্ধ,n
1839,beauty,বিউটি,সৌন্দর্য,n
1840,bee,বি,মোমাছি,n
1841,belief,বিলিফ,বিশ্বাস,n
1842,bell,বেল,ঘণ্টা,n
1843,bend,বেন্ড,বাঁকানো; বাঁক,"v.,n."
1844,benefit,বেনিফিট,উপকার,v
1845,better,বেটার,আরও ভালো,n
1846,bite,বাইট,কামড়; কামড়ানো,"V.,n"
1847,block,ব্লক,ব্লক; বন্ধ করা,"n, V"
1848,board,বোড,বোডে ওঠা,v
1850,border,বর্ডার,- সীমান্ত,n
1851,bother,বদার,বিরক্ত করা,v.
1852,branch,ব্রাঞ,শাখা,n
1854,brave,ব্রেভ,সাহসী,adj
1855,breath,ব্রেথ,শ্বাস,n
1856,breathe,বরিদ,শ্বাস নেওয়া,v
1857,breathing,ব্রিদিং,শ্বাস-প্রশ্বাস,n
1858,bride,ব্রাইড,- নববধূ,n
1859,bubble,বাবল,বুদবুদ,n
1860,bury,বেরি,কবর দেওয়া,v
1861,by,বাই,দারা,adv
1863,campaign,ক্যাম্পেইন,অভিযান; অভিযান চালানো,"n , V"
1864,campus,ক্যাম্পাস,ক্যাম্পাস,n
1865,candidate,ক্যান্ডিডেট,প্রার্থী,n
1866,cap,ক্যাপ,টুপি,n
1867,captain,ক্যাপ্টেন,ক্যাপ্টেন,n
1868,careless,কেয়ারলেস,অসাবধান,adj.
1869,category,ক্যাটাগরি,- বিভাগ,n
1870,ceiling,সিলিং,ছাদ,n:
1871,celebration,সেলিব্রেশন,উদযাপন,1.
1872,central,সেন্ট্রাল,কেন্দ্রীয়,adj
1873,centre,সেন্টার,কেন্দ্রে রাখা,v
1874,ceremony,সেরিমনি,- অনুষ্ঠান,n
1875,chain,ঢেইন,শিকল,n
1876,challenge,চ্যালেঞ্জ,চ্যলেগ,n
1877,champion,ঢ্যাম্পিয়ন,চ্যাম্পিয়ন,n
1878,channel,চ্যানেল,স্যানেল,n:
1879,chapter,ঢ্যাপ্টার,অধ্যায়,n
1880,charge,চার্জ,চাজ; চাজ করা,"n , v"
1881,cheap,চিপ,সস্তা,adv
1882,cheat,চিট,ঠকানো; প্রতারক,"v.,n"
1883,cheerful,চিয়ারফুল,প্রফুল্ল,adj
1884,chemical,কেমিক্যাল,- রাসায়নিক,"adj ,n"
1885,chest,ঢেস্ট,বুক,n
1886,childhood,চাইল্ডহুড,শেশব,n
1887,claim,ক্লেইম,দাবি; দাবি করা,"v ,n."
1888,clause,ক্লজ,ধারা,n
1889,clear,ক্লিয়ার,পরিষ্কার করা,v
1890,click,ক্লিক,ক্লিক; ক্লিক করা,"v.,n"
1891,client,ক্লায়েন্ট,ক্লায়েনট,n:
1892,climb,ক্লাইন,আরোহণ,n
1893,close-,ক্লোজ,কাছাকাছি,adv
1894,cloth,ক্লথ,কাপড়,n
1896,coach,কোচ,কোচিং করানো,v
1897,coal,কোল,কয়লা,n
1898,coin,কয়েন,মুদ্রা,n
1899,collection,কালেকশন,সংগ্রহ,n
1900,coloured,কালাড,রঙিন,adj
1901,combine,কম্বাইন,একত্রিত করা,v
1902,comment,কমেন্ট,মন্তব্য করা,v
1903,commercial,কমাশিয়াল,বাণিজ্যিক,"adj.,n."
1904,commit,কমিট,প্রতিশ্রুতিবদ্ধ হওয়া,V.
1905,communication,কমিউনিকেশন,যোগাযোগ,n
1906,comparison,কম্প্যারিসন,তুলনা,1.
1907,competitor,কম্পিটিটর,প্রতিযোগী,n.
1908,competitive,কম্পিটিটিভ,প্রতিযোগিতামূলক,adj
1909,complaint,কমপ্লেইন্ট,অভিযোগ,n
1910,complex,কমপ্লেক্স,জটিল,adj
1911,concentrate,কনসেনট্রেট,মনোযোগ দেওয়া,v
1912,conclude,কনক্লুড,উপসংহার টানা,V.
1913,conclusion,কনক্লুশন,উপসংহার,n:
1914,confident,কনফিডেন্ট,- আত্মবিশ্বাসী,adj.
1915,confirm,কনফাম,নিশ্চিত করা,v.
1916,confuse,কনফিউজ,বিভ্রান্ত করা,v.
1917,confused,কনফিউজড,বিভ্রান্ত,adj
1918,connection,কানেকশন,সংযোগ,n
1919,consequence,কনসিকোয়েন্স,পরিণতি,n
1920,consist,কনসিস্ট,গঠিত হওয়া,v
1921,consume,কনজিউম,গ্রাস করা,v
1922,consumer,কনজিউমার,োক্তা,n
1923,contact,কন্ট্যাক্,যোগাযোগ; যোগাযোগ করা,"n, V"
1925,content],কন্টেন্ট,- বিষয়়বস্তু,n
1926,continuous,কন্টিনিউয়াস,অবিরাম,adj.
1927,contrast,কন্ট্রাস্ট,- বৈপরীত্য; বৈপরীত্য দেখানো,"n , v."
1928,convenient,কনভেনিয়েন্ট,সুবিধাজনক,adj
1929,convince,কনভিন্স,বিশ্বাস করানো,V.
1930,cool,কুল,ঠান্ডা করা,v
1931,costume,কস্টিউম,পোশাক,n
1932,cottage,কটেজ,কুঁড়েঘর,n
1933,cotton,কটন,তুলা,n
1934,count,কাউন্ট,গণনা,n
1935,countryside,কান্ট্রিসাইড,গ্রামাঞচল,n.
1937,cover,কাভার,ঢাকনা,n
1938,covered,কাভারড,আচ্ছাদিত,adj
1939,cream,ক্রিম,ক্রিম,adj
1940,criminal,ক্রিমিনাল,অপরাধী,adj
1941,cruel,ক্রুয়েল,- নিষ্ঠুর,adj
1942,cultural,কালচারাল,সাংস্কৃতিক,adj.
1943,currency,কারোস,মুদ্রা,n
1944,current,কারেন্ট,বতমান,adj
1945,currently,কারেন্টলি,বতমানে,adv
1946,curtain,কাটেন,পদা,n
1947,custom,কাস্টম,প্রথা,n:
1948,cut,কাট,কাটা,n
1949,daily,ডেইলি,দেনিক,adv
1950,damage,ড্যামেজ,ক্ষতি; ক্ষতি করা,"n.,V."
1951,deal,ডিল,- চুক্তি,n
1952,decade,ডিকেড,দশক,n
1953,decorate,ডেকোরেট,সাজানো,v
1954,deep,ডিপ,গভীরভাবে,adv.
1955,define,ডিফাইন,সংজ্ঞায়িত করা,v
1956,definite,ডেফিনিট,নির্দিষ্ট,adj
1957,definition,ডেফিনিশন,সংজ্ঞা,n
1958,deliver,ডেলিভার,- বিতরণ করা,v
1959,departure,ডিপারচার,প্রস্থান,n
1960,despite,ডেসপাইট,সত্বেও,prep
1961,destination,ডেস্টিনেশন,গন্তব্য,n
1962,determine,ডিটারমিন,নিধারণ করা,V.
1963,determined,ডিটারমাইন্ড,দৃঢ়প্রতিজ্ঞ,adj.
1964,development,ডেভেলপমেন্ট,উন্নয়ন,n.
1965,diagram,ডায়াগ্রাম,চিত্র,n
1966,diamond,ডায়মন্ড,হীরা,n
1967,difficulty,ডিফিকাল্টি,- অসুবিধা,n
1968,direct,ডিরেক,নিদেশ দেওয়া; সরাসরি,"v , adv."
1969,directly,ডিরেক্টলি,সরাসরি,adv
1970,dirt,ডাট,ময়লা,n
1971,disadvantage,ডিসঅ্যাডভান্টেজ,অসুবিধা,n
1972,disappointed,ডিসঅ্যাপয়েন্টেড,হতাশ,adj
1973,disappointing,ডিসঅ্যাপয়েন্টিং,হতাশাজনক,adj
1974,discount,ডিসকাউন্ট,ছাড়,n
1975,dislike,ডিসলাইক,অপছন্দ করা; অপছন্দ,"V.,n"
1976,divide,ডিভাইড,ভাগ করা,v
1977,documentary,ডকুমেন্টারি,তথ্যচিত্র,11.
1978,donate,ডোনেট,দান করা,v
1979,double,ডাবল,দ্বিগুণ,adv
1981,dressed,ড্রেসড,পোশাক পরা,adj
1982,drop,ড্রপ,পতন,n:
1983,drum,ড্রাম,ড্রাম,n
1984,drunk,ড্রাক্ক,মাতাল,adj
1985,due,ডিউ,কারণে,adj
1986,dust,ডাস্ট,ধুলো,n
1987,duty,ডিউটি,কতব্য,n
1989,eastern,ইস্টান,- পূর্বাঞ্চলীয়,adj
1990,economic,ইকোনমিক,- অর্থনেতিক,adj.
1991,economy,ইকোনমি,অর্থনীতি,n
1992,edge,এজ,কিনারা,n
1993,editor,এডিটর,সম্পাদক,n
1994,educate,এডুকেট,শিক্ষিত করা,v.
1995,educated,এডুকেটেড,- শিক্ষিত,adj
1996,educational,এডুকেশনাল,শিক্ষামূলক,adj
1997,effective,ইফেক্টিভ,কারযকর,adj
1998,effectively,ইফেক্টিভলি,কার্যকরভাবে,adv
1999,effort,এফোর্ট,প্রচেষ্টা,n
2000,election,ইলেকশন,নিরবাচন,n
2001,element,এলিমেন্ট,উপাদান,n
2002,embarrassed,এমব্যারাসড,বিব্রত,adj.
2003,embarrassing,এমব্যারাসিং,বিব্রতকর,adj
2006,employment,এমপ্লয়মেন্ট,কমসংস্থান,n
2007,empty,এমটি,খাল করা,v
2008,encourage,এনকারেজ,উংসাহিত করা,v
2009,enemy,এনিমি,শত্রু,n
2010,engaged,এনগেজড,নিযুক্ত; বাগদতা,adj
2012,entertain,এন্টারটেইন,বিনোদন দেওয়া,v
2013,entertainment,এন্টারটেইনমেন্ট,বিনোদন,n
2014,entrance,এন্ট্রান্স,প্রবেশপথ,n
2015,entry,এন্ট্রি,প্রবেশ,n
2016,environmental,এনভায়রনমেন্টাল,পরিবেশগত,adj
2017,episode,এপিসোড,পব,n
2018,equal,ইকুয়াল,সমান; সমান হওয়া,"ad] ,V."
2020,escape,এসকেপ,পালানো; পালানো,"V.,11."
2021,essential,এসেনশিয়াল,অপরিহারয,adj.
2022,eventually,ইভেনচুযালি,অবশেষে,adv.
2023,examine,এক্সামিন,পরীক্ষা করা,v
2024,except,এক্সেপ্ট,ছাড়া,conj
2025,exchange,এক্সচেঞ্জ,- বিনিময়; বিনিময় করা,"n, V"
2027,exhibition,এক্সিবিশন,প্রদশনী,n
2028,expand,এক্সপ্যান্ড,প্রসারিত করা,v
2029,expected,এক্সপেক্টেড,প্রত্যাশিত,adj.
2031,experience,এক্সপেরিয়়েন্স,অভিজ্ঞতা লাভ করা,v
2032,experienced,এক্সপেরিয়েন্সড,অভিজ্ঞ,adj
2033,experiment,এক্সপেরিমেন্ট,পরীক্ষা করা,v
2034,explode,একসপ্লোড,বিস্ফোরিত হওয়া,V.
2035,explore,এক্সপ্লোর,অন্বেষণ করা (v) Facebook Biborno Sahin,01726505437
95,bottle,বটল,বোতল,n
130,centre,সেন্টার,"কেন্দ্র, মাঝখান",n
96,box,বক্স,বাক্স,n
131,century,সেঞ্চুরি,- শতাব্দী,n
97,boy,বয়,ছেলে,n
132,chair,চেয়ার,চেয়ার,n
98,boyfriend,বয়ফ্রেন্ড,প্রেমিক,n
133,change,চেইঞ্জ,পরিব্তন করা (v ); পরিব্তন (n) রুটি,n
134,chart,চার্ট,"চাট, তালিকা",n
100,break,ব্রেক,ভাঙা (v ); বিরতি,n
135,cheap,চিপ,সস্তা,adj
137,cheese,চিজ,পনির (n) bring (ব্রিং) আনা,v
138,chicken,চিকেন,"103. ভাই (n) মুরগি, মুরগির মাংস (n) brother",ব্রাদার
139,child,চাইল্ড,"- শিশু, বাচ্চা",n
106,building,বিল্ডিং,"141. ভবন, দালান (n) choose (চুজ) পছন্দ করা",v
142,cinema,সিনেমা,107. সিনেমা (n) bus (বাস) বাস,n
143,city,সিটি,ব্যবসা (n) শহর,n
144,class,ক্লাস,শ্রেণী,n
109,busy,বিজি,ব্যস্ত,adj
145,classroom,ক্লাসরুম,শ্রেণীকক্ষ,n
110,but,বাট,কিন্তু,conj
146,clean ক্লিন) পরিষ্কার,adj,; পরিষ্কার করা,v.
111,butter,বাটার,মাখন,n
147,climb,ক্লাইম্ব,আরোহণ করা,v
112,buy,বাই,কেনা,v
148,clock,ক্লক,ঘড়ি,n
113,by,বাই,"দ্বারা, পাশে",prep
149,close,ক্লোজ,বন্ধ করা,v
114,bye,বাই,- বিদায়,exclam
150,clothes,ক্লোদজ,পোশাক,n
115,cafe,ক্যাফে,ক্যাফে,n
151,club,ক্লাব,"ক্লাব, সংঘ",n
116,cake,কেক,কেক,n
152,coat,কোট,কোট,n
153,coffee,কফি,কফি (n) camera (ক্যামেরা) ক্যামেরা,n
154,cold,কোল্ড,ঠান্ডা,"adj , n."
119,can,ক্যান,পারা,modal v
120,cannot,ক্যানট ক্যান'ট,না পারা,modal v
155,college,কলেজ,কলেজ,n
156,colour,কালার,"রং (n) প্রধান, মূল",adj
157,come,কাম,আসা,v
122,car,কার,গাড়ি,n
158,common,কমন,সাধারণ,adj
123,card,কার্ড,কাড,n
159,company,কোম্পানি,কোম্পানি,n
124,career,ক্যারিয়ার,"পেশা, কর্মজীবন",n
160,compare,কমপেয়ার,তুলনা করা,v
125,carrot,ক্যারট,গাজর,n
161,complete কমপ্লিট) সম্পূ্ণ,adj,; সম্পূ্ণ করা,v
162,computer,কম্পিউটার,কম্পিউটার,n
126,carry,ক্যারি,বহন করা,v
163,concert,কনসা্ট,কনসার্ট,n
127,cat,ক্যাট,- বিড়াল,n
128,CD,সিডি,সিডি (n) কথোপকথন,n
129,cent,সেন্ট,সেন্ট (মুদ্রা),n
165,cook,কুক,রান্না করা (v) Facebook Biborno Sahin,01726505437
2036,explosion,এক্সপ্লোশন,বিস্ফোরণ,n
2065,forever,ফরেভার,- চিরতরে,adv.
2066,frame,ফ্রেম,"ফ্রেম; ফ্রেম করা (n, V)","1., V."
2067,freeze,ফ্রিত,জমে যাওযা,v
2038,extra,একসাট্রা,অতিরিক্ত,"n , adv"
2040,fairly,ফেয়ারলি,মোটামুটি,adv
2069,friendship,ফ্রেন্ডশিপ,বন্ধুত্ব,n
2070,frighten,ফ্রাইটেন,ভয় দেখানো (v),adj.
2071,frightened,ফ্রাইটেনড,ভীত,adj
2072,frightening,ফ্রাইটেনিং,"ভীতিকর (V., ad].)",adj.
2043,far,ফার,দূরবর্তী,adj
2073,frozen,ফ্রোজেন,হিমায়িত,adj
2074,fry,ফ্রাই,ভাঙা (v),adj.
2075,fuel,ফুয়েল,জ্বালানি,n
2076,function,ফাংশন,কারযকারিতা (n),adj
2077,fur,ফার,পশম,n
2046,fasten,ফাস্টেন,বাঁধা,v
2078,further,ফাদার,আরও,adv
2047,favour,ফেভার,অনুগ্রহ,n
2079,garage,গ্যারেজ,গ্যরেজ,n
2048,fear,ফিয়ার,ভয় করা,v
2080,gather,গ্যাদার,সংগ্রহ করা,v
2049,feature,ফিচার,বৈশিষ্ট্য থাকা,v
2051,fighting,ফাইটিং,লড়াই,n.
2082,generation,জেনারেশন,প্রজন্ম,n
2052,file,ফাইল,ফাইল,n
2083,generous,তজেনারাস,উদার,adj
2084,gentle,জেন্টল,ভদ্র (adj ),adj.
2054,fire,ফায়ার,আগুন লাগানো (v),n.
2055,fitness,ফিটনেস,- ফিটনেস,n
2086,ghost,গোস্ট,ভূত,n
2056,fixed,ফিক্সড,নিদিষ্ট,adj
2089,global,গ্লোবাল,বৈশ্বিক,adj
2059,flour,ফ্লাওয়ার,আটা,n
2090,glove,গ্লাভ,দস্তানা,n
2092,goods,গুডস,পণ্য,n
2061,fold,ফোল্ড,ভাঁজ করা,v
2093,grade,গ্রেড,গ্রেড,n
2062,folk,ফোেক,লোক,"n, adj"
2063,following,ফলোয়িং,নিম্নলিখিত (n) হওয়া,"n.,V"
2064,force,ফোেস,"বল; বাধয করা (n, V) Facebook Biborno Sahin",01726505437
2095,grain,গ্রেইন,শস্য,n:
2096,grateful,গ্রেটফুল,কৃতজ্ঞ,adj
2097,growth,গ্রোথ,বৃদ্ধি,n
2098,guard,গাড,প্রহরী; পাহারা দেওয়া,"1., V."
2099,guilty,গিল্টি,- দোষী,adj
2100,hand,হ্যান্ড,হস্তান্তর করা,v
2101,hang,হ্যাং,ঝোলানো,v
2102,happiness,হ্যাপিনেস,সুখ,n
2103,hardly,হাডলি,কদাচিং,adv
2104,hate,হেইট,ঘৃণা,n
2105,head,হড,নেতৃত্ব দেওযা,v
2106,headline,হেডলাইন,শিরোনাম,n
2107,heating,হিটিং,গরম করা,n
2108,heavily,হেভিলি,প্রচণ্ডভাবে,adv
2110,highlight,হাইলাইট,হাইলাইট; হাইলাইট করা,"v.,n"
2111,highly,হাইলি,অত্যন্ত,adv
2112,hire,হায়ার,ভাড়া করা,v
2113,historic,হিস্টোরিক,ঐতিহাসিক,adj
2114,historical,হিস্টোরিকাল,ঐতিহাসিক,adj.
2115,honest,অনেস্ট,সং,adj
2116,horrible,হরিবল,ভয়াবহ,adj
2117,horror,হরর,ভয়,n:
2118,host,হোস্ট,হোেস্ট,n
2119,hunt,হান্ট,শিকার করা,v.
2120,hurricane,হারিকেন,ঘূণিঝড়,n
2121,hurry,হারি,তাড়াহুড়া; তাড়াহুড়া করা,"n, V"
2122,identity,আইডেন্টিটি,পরিচয়,n
2123,ignore,ইগনোর,উপেক্ষা করা,v
2124,illegal,ইল্লিগাল,অবেধ,adj
2125,imaginary,ইমাজিনারি,কাল্পনিক,ad].
2126,immediate,ইমিডিয়েট,তাংক্ষণিক,ad].
2127,immigrant,ইমিগ্রান্ট,- অভিবাসী,n
2128,impact,ইম্প্যাক,প্রভাব; প্রভাবিত করা,"n, V"
2129,import,ইম্পোর্ট,আমদানি; আমদানি করা,"n, V"
2130,importance,ইম্পটেন্স,গুরুত্ব,n
2131,impression,ইম্প্রেশন,ধারণা,n
2132,impressive,ইম্প্রেসিভ,চিত্তাকর্যক,ad].
2134,incredibly,ইনক্রেডিবলি,অবিশ্বাস্যভাবে,adv
2135,indeed,হনডিড,প্রকৃতপক্ষে,adv
2136,indicate,ইনডিকেট,- নিদেশ করা,v
2137,indirect,ইনডাইরেক,পরোক্ষ,adj
2138,indoor,ইনডোর,অন্দরের,adj
2139,indoors,ইনডোরস,অন্দরে,adv
2140,influence,ইনফ্লুয়েন্স,প্রভাব; প্রভাবিত করা,"n , V."
2142,injure,ইনজুর,আহত করা,v
2143,injured,ইনজুরড,আহত,adj
2144,innocent,ইনোসেনট,নিদোষ,adj
2146,intend,ইনটেন্ড,উদ্দেশ্য করা,v
2147,intention,ইনটেনশন,উদ্দেশ্য,n
2148,invest,ইনভেস্ট,- বিনিয়োগ করা,v
2149,investigate,ইনভেস্টিগেট,৩দন্ত করা,V.
2150,involved,ইনভল্ভড,জড়িত (adj ) Facebook Biborno Sahin,01726505437
2151,iron,আয়রন,লোহা; ইস্সত্রি করা,n V.
2152,issue,ইস্যু,বিষয়,n
2153,IT,আইটি,তথ্য প্রযুক্তি,n
2154,journal,জানাল,জানাল,n
2155,judge,জাজ,বিচারক; বিচার করা,"1., V."
2156,keen,কিন,আগ্রহী,adj
2158,keyboard,কিবোড,কীবোড,n
2159,kick,কিক,লাথি মারা; লাথি,"v.,n."
2160,killing,কিলিং,হত্যা,n
2161,kind,কাইন্ড,দয়ালু (caring),adj
2162,kiss,কিস,চুম্বন; চুম্বন করা,"v.,n"
2163,knock,নক,আঘাত,n:
2165,laboratory,ল্যাবরেটরি,গবেষণাগার,1.
2166,lack,ল্যাক,অভাব; অভাব থাকা,"n , V."
2167,latest,লেটেস্ট,সবশেষ,adj
2168,lay,লে,স্থাপন করা,v
2169,layer,লেয়ার,স্তর,n
2170,leadi,লিড,নেতৃত্ব,n
2171,leading,লিডিং,প্রধান,adj
2173,leather,লেদার,চামড়া,n
2174,legal,লিগাল,আইনি,adj
2175,leisure,লেজা,অবসর,n
2176,length,লেন্থ,দেঘ্য,n
2177,level,লেভেল,সমান,adj
2178,liez,লাই,মিথ্যা বলা; মিথ্যা (tell alie),"V.,11."
2179,like,লাইক,পছন্দ (find sbisth pleasant),n
2180,limit,লিমিট,- সীমা; সীমাবদ্ধ করা,"n , V."
2181,lip,লিপ,ঠোোঁট,n
2182,liquid,লিকুইড,৩রল,"n, adj"
2183,literature,লিটারেচর,সাহিত্য,n
2184,livez,লাইভ,সরাসরি,"adj , adv"
2185,living,লিভিং,- জীবনযাপন; জীবিত,"adj.,n."
2186,local,লোকাল,স্থানীয়,n
2187,locate,লোকেট,সনাক্ত করা,v
2188,located,লোকেটেড,অবস্থিত,adj
2189,location,লোকেশন,অবস্থান,n
2190,lonely,লোনলি,একাকী,adj
2191,loss,লস,ক্ষতি,n
2192,luxury,লাক্সারি,বিলাসিতা,n
2193,mad,ম্যাড,পাগল,adj
2194,magic,ম্যাজিক,জাদু; জাদুকরী,"n., adj"
2195,mainly,মেইনলি,প্রধানত,adv
2196,mall,মল,মল,n
2197,management,ম্যানেজমেন্ট,ব্যবস্থাপনা,n
2198,market,মা্কেট,বাজারজাত করা,V.
2199,marketing,মার্কেটিং,বিপণন,n
2200,marriage,ম্যারেজ,বিবাহ,n
2201,meanwhile,মিনহোয়াইল,- ইতিমধ্যে,adv.
2202,measure,মেজার,পরিমাপ করা; পরিমাপ,"v,n"
2203,medium,মিডিয়াম,মাঝারি,adj
2204,mental,মেন্টাল,মানসিক,adj
2205,mention,মেনশন,উল্লেখ,n
2206,mess,মেস,বিশৃঙ্খলা,n
2207,mild,মাইন্ড,হালকা,adj
2208,mine,মাইন,খনি (hole in the ground) (n Facebook Biborno Sahin,01726505437
2209,mix,মিক্স,মেশানো; মিশ্রণ,"v.,n"
2210,mixture,মিক্সচার,মিশ্রণ,n
2211,mood,মুড়,জজ,n
2212,move,মুভ,পদক্ষেপ,n
2213,mud,মাড়,কাদা,n:
2215,muscle,মাসল,- পেশী,n
2217,mystery,মিস্টেরি,রহস্য,n
2218,nail,নেইল,পেরেক,n
2219,narrative,ন্যারেটিভ,আখ্যান; আখ্যানমূলক,"n , adj"
2220,nation,নেশন,জাতি,n:
2221,native,নেটিভ,- স্থানীয়; স্থানীয় বাসিন্দা,"adj ,n"
2222,naturally,ন্যাচারালি,স্বাভাবিকভাবে,adv
2223,necessarily,নেসেসারিলি,অনিবার্যভাবে,adv
2224,need,নিড,দরকার,modal v
2225,needle,নিডল,সুচ,n:
2226,neighbourhood,নেইবারহুড,প্রতিবেশ,n
2227,neither,নাইদার,- কোনটিও না,adv
2228,net,নেট,জাল,n:
2229,next,নেকসট,পরবর্তী,n
2231,normal,নরমাল,স্বাভাবিক,n
2232,northern,নদান,- উত্তরাঞ্চলীয়,adj
2233,note,নোট,নোট করা,v
2234,now,নাউ,এখন,conj
2235,nuclear,নিউক্লিয়ার,পারমাণবিক,adj
2236,obvious,অবভিয়াস,স্পষ্ট,adj
2237,obviously,অবভিয়াসলি,স্পষ্টতই,adv.
2238,occasion,অকেজন,উপলক্ষ,n
2239,occur,অকার,ঘটা,v
2240,odd,অড,- বিজোড়; অদ্ভুত,adj
2241,official,অফিশিয়াল,সরকারি,adj
2242,old-fashioned,ওল্ড-ফ্যাশন্ড,সেকেলে,adj
2243,once,ওয়ানস,একবার,conj
2245,organized,অগানাইজড,সংগঠিত,adj.
2247,original,অরিজিনাল,মূল,n
2248,originally,অরিজিনালি,মূলত,adv
2249,ought,অট,উচিত,modal v.
2250,ours,আওয়়ারস,আমাদের,pron:
2251,outdoor,আউটডোর,বাইরের,adj
2253,pack,প্যাক,প্যাক,n
2254,package,প্যাকেজ,প্যাকেজ,n
2255,painful,পেইনফুল,বোদনাদায়ক,adj.
2256,pale,পেল,ফ্যাকাশে,adj
2257,pan,প্যান,প্যান,n
2258,participate,পার্টিসিপেট,অংশগ্রহণ করা,v
2260,pass,পাস,পাস,n
2261,passion,প্যাশন,আবেগ,n
2262,path,পাথ,পথ,n
2263,payment,পেমেন্ট,পরিশোধ,n
2264,peaceful,পিসফুল,শান্তিপূ্ণ (adj ) Facebook Biborno Sahin,01726505437
2265,percentage,পাসেন্টেজ,শতাংশ,n
2266,perfectly,পারফেক্টলি,- পুরোপুরি,adv
2267,performance,পারফরম্যান্স,কমক্ষমতা,n
2269,persuade,পাসুয়েড,রোঝানো,v
2272,pin,পিন,পিন; পিন করা,"n , v."
2273,pipe,পাইপ,পাইপ,n
2274,place,প্লেস,স্থাপন করা,v
2275,planning,প্ল্যানিং,পরিকল্পনা,n
2276,pleasant,প্লেজেন্ট,আনন্দদায়ক,adj
2277,pleasure,প্লেজার,আনন্দ,n
2278,plenty,প্লেন্টি,প্রচুর,pron
2279,plot,প্লট,প্লট,n
2280,plus-,প্লাস,যোগ,prep
2281,poem,পোয়েম,কবিতা,n
2282,poet,পোয়েট,কবি,n
2283,poetry,পোয়়োষট্ট্রি,কাব্য,n:
2285,poison,পয়জন,বিষ; বিষাক্ত করা,"1., V."
2286,poisonous,পয়জনাস,বিষাক্ত,adj
2287,policy,পলিসি,- নীতি,n
2288,political,পলিটিকাল,রাজনেতিক,adj
2289,politician,পলিটিশিয়ান,রাজনীতিবিদ,n
2290,politics,পলিটিক্স,রাজনীতি,n
2291,port,পোট,বন্দর,n
2292,portrait,পোট্রেট,প্রতিকৃতি,n
2293,possibly,পসিবলি,সম্ভবত,adv
2294,pot,পট,পাত্র,n
2295,pour,পাের,ঢালা,v
2296,poverty,পভাটি,দারিদ্র্য,n
2297,powder,পাউডার,পাউডার,n
2298,powerful,পাওয়ারফুল,শক্তিশালী,adj.
2299,practical,প্র্যাকটিকাল,বাস্তব,adj
2300,pray,প্রে,প্রাথনা করা,v
2301,prayer,প্রেয়়ার,প্রাথনা,n
2303,prepared,প্রিপেয়াড,প্রস্তুত,adj
2304,presentation,প্রেজেন্টেশন,উপস্থাপনা,n
2305,press,প্রেস,সাপ দেওয়া; প্রেস,"n, V."
2306,pressure,প্রেসার,চাপ,n
2307,pretend,প্রিটেন্ড,ভান করা,v
2308,previous,প্রিভিয়াস,পূর্ববর্তী,adj
2309,previously,প্রিভিয়াসলি,পূবে,adv
2310,priest,প্রিস্ট,- পুরোহিত,n
2311,primary,প্রাইমারি,প্রাথমিক,adj
2312,prince,প্রিন্স,রাজপুত্র,n
2313,princess,প্রিন্সেস,- রাজকুমারী,n
2314,printing,প্রিন্টিং,মুদ্রণ,n
2315,prisoner,প্রিজনার,বন্দী,n
2316,private,প্রাইভেট,ব্যক্তিগত,adj
2317,producer,প্রডিউসার,প্রযোজক,n
2318,production,প্রোডাকশন,উৎপাদন,11.
2319,profession,প্রফেশন,পেশা,n
2321,program,প্রোগ্রাম,প্রোগ্রাম করা,v
2322,promote,প্রমোট,প্রচার করা,v
2323,proper,প্রপার,সঠিক (adj ) Facebook Biborno Sahin,01726505437
2325,property,প্রপারটি,সম্পত্তি,n
2326,protest,প্রোটেস্ট,প্রতিবাদ; প্রতিবাদ করা,"n, V"
2327,proud,প্রাউড,গবিত,adj
2328,prove,প্রুভ,প্রমাণ করা,v
2329,pull,পুল,টান,n
2330,punish,পানিশ,শাস্সতি দেওয়া,v
2331,punishment,পানিশমেন্ট,শাস্সতি,n
2332,push,পুশ,ধাক্কা,n
2333,qualification,কোয়ালিফিকেশন,যগ্যতা,n:
2334,qualified,কোয়ালিফাইড,যোগ্য,adj
2335,qualify,কোয়ালিফাই,যোগ্যতা অজন করা,v
2336,queue,কিউ,সারি; সারিতে দাঁড়ানো,"n., V."
2337,quit,কুইট,ছেডে দেওয়া,v
2338,quotation,কোয়োটেশন,- উদ্ধৃতি,n
2339,quote,কোয়োট,উদ্ধৃত করা; উদ্ধৃতি,"V.,11."
2340,race,রস,জাতি (people),n
2341,racing,রেসিং,রেসিং,n:
2342,range,রেঞ্ুজ,পরিসর,n
2343,rare,রেরয়ার,বিরল,adj
2344,rarely,রেয়ারলি,কদাচিং,adv.
2345,reaction,রিঅ্যাকশন,প্রতিক্রিয়া,n
2346,reality,রিয়েলিটি,বাস্তবতা,n
2347,receipt,রিসিপ্ট,রশিদ,n
2348,recommendation,রিকমেন্ডেশন,সুপারিশ,n
2349,reference,রেরফারেন্স,উল্লেখ,n
2350,reflect,রিফ্লেক,প্রতিফলিত করা,v
2352,reject,রিজেক্ট,প্রত্যাখ্যান করা,v
2353,relate,রলেট,সম্পর্কিত করা,v
2354,related,রিলেটেড,সম্পর্কিত,adj
2355,relation,রিলেশন,সম্পক,n
2356,relative,রিলেটিভ,- আত্মীয়; আপেক্ষিক,"adj ,n"
2357,relaxed,রিল্যাকৃসড,শিথিল,adj
2358,relaxing,রিল্যাক্সিং,আরমদায়ক,adj.
2359,release,রিলিজ,মুক্তি; মুক্তি দেওয়া,V. Il.
2360,reliable,রিলায়াবল,নিভরযোগ্য,adj.
2361,religion,রিলিজন,ধম,n
2362,religious,রিলিজিয়াস,ধর্মীয়,adj
2363,remain,রিমেইন,অবশিষ্ট থাকা,v.
2364,remind,রিমাইন্ড,মনে করিয়ে দেওয়া,V.
2365,remote,রিমোট,দূরবর্তী,adj.
2367,repair,রিপেয়ার,মেরামত,n
2368,repeat,রিপিট,পুনরাবৃত্তি,n
2369,repeated,রিপিটেড,পুনরাবৃত্ত,adj
2370,represent,রিপ্রেজেন্ট,প্রতিনিধিত্ব করা,v
2371,request,রিকোয়েস্ট,অনুরোধ করা,V.
2372,require,রিকোয়ার,প্রয়োজন হওয়া,V.
2374,resource,রিসোস,সম্পদ,n
2375,respect,রেসপেক,শ্রদ্ধ া; শ্রদ্ধা করা,"1., V."
2376,responsibility,রেসপনসিবিলিটি,দায়িত্ব,n
2377,responsible,রেসপনসিবল,দায়িত্বশীল,adj
2378,result,রিজাল্ট,ফলাফল হওয়া,v
2379,retire,রিটায়ার,অবসর গ্রহণ করা,V.
2380,retired,রিটায়াড,অবসরপ্রাপ্ত,adj
2381,revise,রিভাইস,সংশোধন করা,v
2382,ring',রিং,রিং,n
2383,rise,রাইজ,বৃদ্ধি,n
2384,risk,রিস্ক,ঝুঁকি; ঝুঁকি নেওয়া,"n , v"
2385,robot,রোবট,রোবট,n
2386,roll,রোল,ঘোরানো; রোল,"V.,n:"
2387,romantic,রোমান্টিক,রোমান্টিক,adj.
2388,rope,রোপ,দড়ি,n
2389,rough,রাফ,রুক্ষ,adj
2390,row1,র,সারি,n:
2391,royal,রয়্যাল,রাজকীয়,adj
2392,rugby,রাগবি,রাগবি,n
2393,rule,রুল,শাসন করা,v
2394,safety,সইফটি,- নিরাপত্তা,n
2395,sail,সেইল,পাল,n
2396,sailor,সেইলর,নাবিক,n
2397,sample,স্যাম্পল,নমুনা,n
2398,sand,স্যান্ড,বালি,n
2399,scan,স্ক্যান,স্ক্যান করা,v
2400,scientific,সায়েন্টিফিক,বেজ্ঞানিক,adj.
2401,script,স্ক্রিপ্ট,- স্ক্রিপ্ট,n
2402,sculpture,স্কাল্পচার,ভাস্কয,n
2403,secondary,সেকেন্ডারি,মাধ্যমিক,adj.
2404,security,সিকিউরিটি,নিরাপত্তা,n
2405,seed,সিড,বীজ,n
2406,sensible,সন্সবল,বুদ্ধিমান,adj
2407,separate,সেপারেট,পথক করা,v
2408,seriously,সিরিয়াসলি,গুরুত্ব সহকারে,adv.
2409,servant,সাভেন্ট,চাকর,n
2410,set1,সেট,স্থাপন করা (put),v
2411,ser-,সেট,সেট (group),n
2412,setting,সেটিং,পরিবেশ,n
2413,sex,সক্স,লিঙ্গ,n
2414,sexual,সেক্সুযাল,যোন,adj
2415,shake,শেক,ঝাঁকুনি,n
2416,share,শেয়ার,ভাগ,n
2417,sharp,শাপ,ধারালো,adj
2418,shelf,শেল্ফ,তাক,n
2419,shell,শেল,খোলস,n
2420,shift,শিফট,পরিবতন,n
2421,shine,শাইন,ঝলমল করা,v
2422,shiny,শাইনি,চর্কচকে,adj
2423,shoot,শুট,গুলি করা,v
2424,shy,শাই,লাজুক,adj
2425,sight,সাইট,দৃষ্টি,n
2426,signal,সিগন্যাল,সংকেত; সংকেত দেওয়া,"n, V"
2427,silent,সাইলেন্ট,নীরব,adj
2428,silly,সিলি,নিবোধ,adj
2429,similarity,সিমিলারিটি,সাদৃশ্য,n
2431,simply,সিম্পলি,সহজভবে,adv
2432,since,সিপ্স,তখন থেকে,adv
2433,sink,সিঙ্ক,ডুবে যাওয়া,v
2435,slightly,স্লাইটলি,সামান্য,adv
2436,slow,স্লো,ধীর করা,v
2437,smart,স্মাট,স্মার্ট,adj
2438,smooth,স্মুথ,মসণ,adj
2468,substance,সাবস্ট্যান্স,পদাথ,n
2469,successfully,সাকসেসফুলি,1. ) সফলভাবে,adv
2440,soil,সয়েল,মাটি,n
2470,sudden,সাডেন,আকস্মিক,adj
2441,solid,সলিড,কঠিন; কঠিন,"adj ,n"
2471,suffer,সাফার,ভোগা,v
2442,sort,সর্ট,বাছাই করা,v
2472,suit,সুট,মানানসই হওয়া,v
2473,suitable,সুইটেবল,উপযুক্ত (ad].),adj.
2444,specifically,স্পেসিফিক্যালি,(V.) বিশেষভাবে,adv
2475,summary,সামারি,সারাংশ,n
2445,spending,স্পেন্ডিং,ব্যয়,n
2447,spirit,স্পিরিট,আত্মা,n
2753,decoration,ডেকোরেশন,সজ্জা,n
2448,spoken,স্পোকেন,কথ্য,adj
2449,spot,স্পট,দাগ; সায়গা (n),"V.,11."
2450,spread,স্প্রেড,চতানো,V
2755,deeply,ডিপলি,গভীরভাবে,adv
2451,spring,স্প্রিং,লাফানো,v
2452,stadium,স্টেডিয়াম,স্্টেডিয়াম (n) করা,"V,n"
2453,staff,স্টাফ,কর্মী,n
2757,defence,ডিফেন্স,প্রতিরক্ষা,n
2760,deliberate,ডেলিবারেট,- ইচ্ছাকৃত (1.,adj.
2457,statue,স্ট্যাচু,মূতি,n
2458,sticki,স্টিক,আটকে যাওযা (push ইচ্ছাকৃতভাবে (adv) intorattach),v
2459,stickz,সস্টিক,"লাঠি (piece of wood) করা (v.,n:)",1.
2460,still,সস্টিল,স্থির (adj ),ad].
2461,store,স্টোর,সংরক্ষণ করা,v
2764,delivery,ডেলিভারি,- বিতরণ,n
2462,stranger,স্ট্রেঞ্জার,অপরিচিত,n
2464,string,স্স্ট্রিং,দড়ি,n:
2465,strongly,স্ট্রংলি,দৃঢ়ভাবে (adv) করা,v
2466,studio,স্টুডিও,- স্টুডিও,n
2767,deny,ডিনাই,অস্বীকার করা,v.
2467,stuff,স্টাফ,জিনিসপত্র,n:
2768,depressed,ডিপ্রেসড,বিষণ্ণ (adj ) Facebook Biborno Sahin,01726505437
2796,drag,ড্র্যাগ,টেনে নিয়ে যাওয়া (v),adj.
2797,dramatic,ড্রামাটিক,নাটকীয়,adj
2770,depth,ডেপথ,গভীরতা,n
2798,edit,এডিট,সম্পাদনা করা,v
2771,desert,ভেজাট,পরিত্যাগ করা,v
2799,edition,এডিশন,সংস্করণ,n
2772,deserve,ডিজাভ,যোগ্য হওয়া,v
2800,efficient,এফিশিয়েন্ট,দক্ষ,adj
2801,elderly,এল্ডারলি,বয়স্ক (adj ) করা,"n, V"
2802,elect,ইলেক,নিবাচন করা,v
2774,desperate,ডেসপারেট,মরিয়া,adj
2775,detail,ডিটেল,- বিস্তারিত বলা (v),adv.
2776,detailed,ডিটেলড,বিস্তারিত,adj
2804,emerge,ইমাজ,আবিভূত হওয়া,v
2777,detect,ডিট্যাক,সনাক্ত করা,v
2778,dig,ডিগ,খনন করা (v),ad].
2779,disc,ডিস্ক,ডিস্ক,n
2780,discipline,ডিসিপ্লিন,শঙ্খলা,n
2808,enable,এনএবল,সক্ষম করা,v
2782,dishonest,ডিসঅনেস্ট,অসং,adj
2783,dismiss,ডিসমিস,বরখাসত করা (v) হওয়া; মুখোমুখি,"v ,n"
2810,engage,এনগেজ,নিযুক্ত করা (v),"V.,n."
2811,enhance,এনহ্যান্স,উন্নত করা,v
2812,enquiry,ইনকোয়্যারি,অনুসন্ধান (n),V.
2813,ensure,এনশিওর,নিশ্চিত করা,v
2787,district,ডিস্রিক,জেলা,n
2788,divide,ডিভাইড,- বিভাজন (n) উৎসাই,adj
2789,division,ডিভিশন,বিভাগ,n
2816,entire,এন্টায়ার,সম্পূ্ণ,adj
2817,entirely,এন্টায়ারলি,- সম্পূর্ণভাবে (V.),adv.
2791,domestic,ডোমেস্টিক,গাহস্থ্য,adj
2818,equal,ইকুয়াল,সমান,n
2819,establish,এস্টাবলিশ,প্রতিষ্ঠা করা (V.),V.
2820,estate,এস্টেট,সম্পত্তি (n) দিকে,adv
2794,dozen,ডজন,"ডজন (n, det) অনুমান",V. I1.
2822,ethical,এথিকাল,"নেতিক (adj ) (n., V.) Facebook Biborno Sahin",01726505437
2823,evaluate,ইভ্যালুয়েট,মূল্যায়ন করা,V.
2824,even,ইভেন,এমনকি,adj
2827,excuse,এক্সকিউজ,অজুহাত; ক্ষমা করা,"n, V"
2828,executive,এক্সিকিউটিভ,নির্বাহী; নির্বাহী,"n , adj"
2829,existence,একজিস্টেন্স,অস্তিত্ব,n
2830,expectation,এক্সপেক্টেশন,প্রত্যাশা,n.
2831,expense,এক্সপেন্স,খরচ,n
2833,expose,এক্সপোজ,প্রকাশ করা,v
2834,extend,এক্সটেন্ড,প্রসারিত করা,v
2835,extent,এক্সটেন্ট,মাত্া,n
2836,external,এক্সটানাল,বাহ্যিক,adj
2837,extraordinary,এক্সট্রাঅডিনারি,অসাধারণ,adj
2838,extreme,একসট্রিম,চরম,n
2839,facility,ফ্যাসিলিটি,সুবিধা,n.
2840,failure,ফেইলার,ব্যথতা,n
2841,faith,ফেইথ,বিশ্বাস,n
2842,fault,ফল্ট,ত্রুটি,n
2843,favour,ফেভার,পক্ষে থাকা,v
2844,feather,ফেদার,পালক,n
2845,fee,ফি,- ফি,n
2846,feed,ফিড,খাদয,n
2847,feedback,ফিডব্যাক,প্রতিক্রিয়া,n
2848,feel,ফিল,- অনুভূতি,n
2849,fellow,ফেলো,সহকর্মী,adj
2850,figure,ফিগার,অনুমান করা,v
2851,file,ফাইল,ফাইল করা,v
2852,finance,ফাইন্যান্স,অথ; অরথায়ন করা,"n, V"
2853,finding,ফাইন্ডিং,আবিষ্কার,n
2854,firm,ফাম,প্রতিষ্ঠান,n:
2855,fix,ফিক্স,সমাধান,n
2856,flame,ফ্লেম,শিখা,n
2857,flash,ফ্ল্যাশ,ঝলক; ঝলকানো,"n, V"
2858,flexible,ফ্লেকসিবল,নমনীয়,adj
2859,float,ফ্লোট,ভাসানো,v
2860,fold,ফোল্ড,ভাঁজ,n
2861,folding,ফোল্ডিং,ভাঁজযোগ্য,adj
2862,following,ফলোয়িং,পরে,prep
2863,forgive,ফরগিভ,ক্ষমা করা,v
2864,former,ফমার,প্রাক্তন,adj
2865,fortune,ফরচুন,ভাগ্য,n
2866,forward,ফরওয়াড,সম্মুখগামী,adj.
2867,found,ফাউন্ড,প্রতিষ্ঠা করা,v.
2868,free,ফ্রি,মুক্ত করা,v
2869,freedom,ফ্রিডন,স্বাধীনতা,n
2870,frequency,ফ্রিকোয়েন্সি,কম্পাঙ্ক,n
2871,fuel,ফুয়েল,জ্বালানি দেওয়া,v.
2872,fully,ফুলি,- সম্পূর্ণভাবে,adv
2873,function,ফাংশন,কাজ করা,v
2874,fund,ফান্ড,তহবিল; তহবিল যোগানো,"n., V."
2875,fundamental,ফান্ডামেন্টাল,মৌলিক,ad].
2876,funding,ফান্ডিং,তহবিল,n
2878,gain,গেইন,লাভ; লাভ করা,"V.,n."
2879,gang,গ্যাং,গ্যং,n:
2880,generate,জেনেট,তেরি করা,v
2881,genre,জনরা,প্রকার,n
2882,govern,গভন,শাসন করা,v
166,cooking,কুকিং,রান্না,n
167,cool,কুল,"ঠান্ডা, শান্ত, দারুণ",adj
168,correct,কারেক্,সঠিক (adj ); সংশোধন করা,v.
169,cost,কস্ট,"মূল্য, খরচ (n ); খরচ হওয়া",v
170,could,কুড,পারতাম,modal v.
171,country,কান্ট্রি,দেশ,n
172,course,কোেস,"কোেস, পাঠ্যক্রম",n
173,cousin,কাজিন,চাচাতো মামাতো ফুফাতো  /মাসতুতো ভাইবোন,n
174,COW,কাউ,গরু,n
175,cream,ক্রিম,"ক্রিম, মালাই",n
197,desk,ভেস্ক,"- ডেস্ক, টেবিল",n
198,detail,ডিটেইল,"- বিস্তারিত, বিবরণ",n
199,dialogue,ডায়ালগ,"সংলাপ, কথোপকথন",n
200,dictionary,ডিকশনারি,অভিধান,n
201,die,ডাই,মরা,v
202,diet,ডায়েট,খাদ্যতালিকা,n
203,difference,ডিফারেন্স,পা্থক্য,n
204,different,ডিফারেন্ট,"ভিন্ন, আলাদা",adj
205,difficult,ডিফিকাল্ট,কঠিন,adj
206,dinner,ডিনার,রাতের খাবার,n
207,dirty,ডার্টি,নোংরা,adj
208,discuss,ডিসকাস,আলোচনা করা,v
209,dish,ডিশ,"থালা, খাবার পদ",n
211,doctor,ডক্টর,ডাক্তার,n
212,dog,ডগ,কুকুর,n
213,dollar,ডলার,ডলার,n
214,door,ডোর,দরজা,n
215,down,ডাউন,নিচে,"adv , prep"
216,downstairs,ডাউনস্টেয়ারস,"- নিচে, নীচতলায়",adv.
217,draw,ড্র,আঁকা,v
218,dress,ড্রেস,পোশাক (n); পোশাক পরা,v.
219,drink (ড্রিঙ্ক পানীয়,n,; পান করা,V.
220,drive,ড্রাইভ,চালানো (গাড়ি),v
221,driver,ড্রাইভার,চালক,n
222,during,ডিউরিং,সময়কালে,prep
223,DVD,ডিভিডি,ডিভিডি,n
224,each,ইচ,"প্রতিটি, প্রত্যেক",det  pron  adv
225,ea1,ইয়ার,কান,n
226,early,আ্লি,তাড়াতাড়ি,"adj , adv."
177,culture,কালচার,সংস্কৃতি,n
178,cup,কাপ,কাপ,n
179,customer,কাস্টমার,গ্রাহক,n
180,cut,কাট,কাটা,v
181,dad,ড্যাড,বাবা,n
182,dance,ড্যান্স,নাচ (n); নাচা,v
183,dancer,ড্যান্সার,নৃত্যশিল্পী,n
184,dancing,ড্যান্সিং,নৃত্য,n
185,dangerous,ডেঞ্জারাস,বিপজ্জনক,adj
186,dark,ডাক,অন্ধকার,adj
187,date,ডেট,তারিখ; খেজুর ফল; কারো সাথে দেখা করার নিরদিষ্ট সময়,n
188,daughter,ডটার,"মেয়ে, কন্যা",n
189,day,ডে,- দিন,n
190,dear,ডিয়ার,"প্রিয়, দামী",adj
191,December,ডিসেম্বর,ডিসেম্বর,n
192,decide,ডিসাইড,সিদ্ধান্ত নেওয়া,v
193,delicious,ডেলিশিয়াস,সুস্বাদু,adj
194,describe,ডিস্ক্রাইব,বর্ণনা করা,v
195,description,ডিস্ক্রিপশন,ব্ণনা,n
196,design,ডিজাইন,নকশা (n); নকশা করা,v
2883,grab,গ্র্যাব,আঁকড়ে ধরা,v.
2884,grade,গ্রেড,গ্রেড দেওয়া,v
2885,gradually,গ্র্যাজুয়ালি,- ধীরে ধীরে,adv
2886,grand,গ্র্যান্ড,বিশাল,adj
2887,grant,গ্রান্ট,মঞ্ুজুর করা; অনুদান,"V , I1."
2888,guarantee,গ্যারান্টি,গ্যারান্টি; গ্যারান্টি দেওয়া,"v,n"
2890,harm,হাম,ক্ষতি; ক্ষতি করা,"n , v."
2891,harmful,হামফুল,ক্ষতিকর,adj
2892,hearing,হিয়ারিং,শ্রবণ,n
2893,heaven,হেভেন,স্বগ,n
2894,heel,হিল,- গোড়ালি,n
2895,hell,হেল,নরক,n
2896,hesitate,হেসিটেট,দ্বিধা করা,v
2897,high,হাই,উচ্চতা,n
2898,hire,হায়ার,ভাড়া,n
2899,hold,হোেল্ড,ধরা,n
2900,hollow,হলো,ফাঁপা,adj
2901,holy,হোলি,পবিত্র,adj
2902,honour,অনার,সম্ম; সম্মান করা,"1., V."
2903,host,হোস্ট,হোেস্ট করা,v
2904,house,হাউস,বাসস্থান দেওয়া,v
2905,household,হাউসহোল্ড,পরিবার,n
2906,housing,হাউসিং,আবাসন,n
2907,humorous,হিউমারাস,হাস্যকর,adj
2908,humour,হিউমার,হাস্যরস,n
2909,hunt,হান্ট,শিকার,n
2910,hunting,হান্টিং,শিকার,n
2911,hurt,হাটি,আঘাত,n
2912,ideal,আইডিয়াল,- আদশ,n
2913,illustrate,ইলাস্ট্রেট,চিত্রিত করা,v
2914,illustration,ইলাস্ট্রেশন,চিত্রণ,n
2915,imagination,ইমাজিনেশন,কল্পনা,n.
2916,impatient,ইমপেশেন্ট,অধেৈর্য,adj
2917,imply,ইমপ্লাই,বোঝানো,v
2918,impose,ইমপোজ,আরোপ করা,v
2919,impress,ইমপ্রেস,প্রভাবিত করা,v
2920,impressed,ইমপ্রেসড,প্রভাবিত,adj.
2921,inch,ইঞ্চি,ই্চি,n
2922,incident,ইনসিডেন্ট,ঘটনা,n
2923,income,ইনকাম,আয়,n
2924,increasingly,ইনক্রিডিংলি,ক্রমবর্ধমানভাবে,adv
2925,industrial,ইন্ডাস্স্রিয়াল,শিল্প,adj
2926,infection,হনফেকশন,সংক্রমণ,n
2927,inform,ইনফম,জানানো,v
2928,initial,ইনিশিয়াল,প্রাথমিক,adj
2929,initially,ইনিশিয়ালি,প্রাথমিকভাবে,adv
2930,initiative,ইনিশিয়েটিভ,উদ্যোগ,n
2931,inner,ইনার,- অভ্যন্তরীণ,adj
2932,insight,ইনসাইট,অন্তর্দৃষ্টি,n
2933,insist,ইনসিস্ট,জোোর করা,v
2934,inspire,ইনস্পায়ার,অনুপ্রাণিত করা,V.
2935,install,ইনস্টল,স্থাপন করা,v
2936,instance,ইনস্ট্যান্স,উদাহরণ,n
2937,institute,ইনস্টিটিউট,প্রতিষ্ঠান,n
2939,insurance,ইনস্যুরেন্স,- বীমা,n
2940,intended,ইনটেন্ডেড,উদ্দেশ্যপ্রণোদিত,adj.
2941,intense,ইনটেন্স,- তীব্র,adj
2942,internal,ইন্টারনাল,অভ্যন্তরীণ (adj.) Facebook Biborno Sahin,01726505437
2973,low,লো,নিম্ন (n),V.
2974,lower,লোয়ার,কমানো,v
2975,lung,লাং,ফুসফুস (n),V.
2976,maintain,মেনটেইন,বজায় রাখা,v
2979,map,ম্যাপ,মানচিত্র আঁকা,v.
2980,mass,মাস,ভর; বিশাল,"n , adj"
2948,joy,জয়,আনন্দ,n
2981,massive,ম্যাসিভ,বিশাল,adj
2949,judgement,জাজমেন্ট,বিচার,n
2950,junior,জুনিয়র,জুনিয়র,adj
2951,justice,জাস্টিস,বিচার,n:
2983,matching,ম্যাচিং,মিলে যাওয়া,adj
2984,material,মেটেরিয়াল,বস্তুগত (adj ) করা,V
2986,means,মিনস,উপায় (n),11.
2956,latest,লেটেস্ট,সবশেষ,n
2988,medium,মিডিয়াম,মাধ্যম,n
2957,launch,লঞ্চ,চালু করা; লঞ্চ,"v.,n"
2989,melt,মেল্ট,গলে যাওযা,v
2958,leadership,লিডারশিপ,নেতৃত্ব,n
2959,league,লিগ,লীগ (n) সামরিক বাহিনী,"adj , n"
2960,lean,লিন,হেলানো,v
2991,mineral,মিনারেল,খনিজ,n
2961,leave,লিভ,ছুটি,n
2962,level,লেভেল,সমান করা (v) সর্বনিম্ন,"adj.,n."
2963,licence,লাইসেন্স,লাইসেন্স,n
2993,minister,মিনিস্টার,মন্ত্রী,n:
2964,limited,লিমিটেড,সীমিত,adj
2994,minor,মাইনর,অপ্রাপ্তবয়স্ক,adj
2965,line,লাইন,লাহন করা,v
2995,minority,মাইনরিটি,সংখ্যালঘু,n
2966,lively,লাইভলি,প্রাণবন্ত,adj
2996,mission,মিশন,মিশন,n
2967,load,লোড,লোড; লোড করা,"n., V"
2997,mistake,মিসটেক,ভুল করা,v
2968,loan,লোন,ঋণ,n:
2998,mixed,মিক্সড,মিশ্র,adj
2969,logical,লজিকাল,যৌক্তিক,adj
2999,model,মডেল,মডেলিং করা,v
3000,modify,মডিফাই,পরিব্তন করা (v.),"adj , adv"
2971,loose,লুজ,আলগা (adj ) করা,"n, V."
2972,lord,লভ,প্রভু (n) Facebook Biborno Sahin,01726505437
3028,official,অফিশিয়াল,কর্মকতা (n),"adj., 11."
3029,opening,ওপেনিং,- উদ্বোধন,n
3030,operate,অপারেট,"পরিচালনা করা (n., adj )",V.
3004,mount,মাউন্ট,আরোহণ করা,v.
3031,opponent,অপোনেন্ট,প্রতিপক্ষ,n
3005,multiple,মাল্টিপল,একাধিক,adj
3032,oppose,অপোজ,বিরোধিতা করা,v
3006,multiply,মাল্টিপ্লাই,গুণ করা,v
3032,opposed,অপোজড,- বিরোধী,adj
3033,opposition,অপোজিশন,বিরোধিতা (adj.),11.
3008,narrow,ন্যারো,সংকীণ করা,v
3034,organ,অগান,অঙ্গ,n
3009,national,ন্যাশনাল,জাতীয়,n
3035,origin,অরিজিন,উৎস,n
3010,neat,নিট,পরিপাটি,adj
3012,nerve,নাভ,স্নায়ু,n
3037,outcome,আউটকাম,ফলাফল,n
3038,outer,আউটার,বাইরের (adj ),adv.
3014,nightmare,নাইটমেয়ার,দুঃস্বপ্ন (n) রূপরেখা আঁকা,"n, V"
3015,notion,নোশন,ধারণা,n
3016,numerous,নিউনারাস,"অসংখ্য সামগ্রিকভাবে (adj , adv)",adj.
3041,owe,ও,ঋণী থাকা,v
3017,obey,ওবে,মান্য করা,v
3043,package,প্যাকেজ,প্যাকেজ করা (v) উদ্দেশ্যমূলক,"n , adj"
3044,panel,প্যানেল,প্যানেল,n
3045,parliament,পালামেন্ট,সংসদ (n),n.
3021,observation,অবজারভেশন,অং শগ্রহণকারী (n ) পযবেক্ষণ,n
3047,partly,পারটলি,আংশিকভাবে,adv
3048,passage,প্যাসেজ,অনুচ্ছেদ (n),V.
3049,patient,পেশেন্ট,ধৈর্যশীল,adj
3023,obtain,অবটেইন,অজন করা,v
3050,pension1,পেনশন,পেনশন,n
3051,permanent,পারমানেন্ট,স্থায়ী (adj ) মাঝে,adv
3025,offence,অফেন্স,অপরাধ (n) অনুমতি,"v.,n"
3026,offend,অফেন্ড,অপমান করা,v
3027,offensive,অফেনসিভ,আপত্তিকর . (adj.) Facebook Biborno Sahin,01726505437
3054,phase,ফেড,পর্যায,n
3055,phenomenon,ফেনোমেনন,ঘটনা,n.
3056,philosophy,ফিলোসফি,দশন,n
3057,pick,পিক,বাছাই,n
3058,picture,পিকচার,ছবি আঁকা,v
3059,pile,পাইল,স্তূপ; স্তূপ করা,"n , V"
3060,pitch,পিচ,পিচ,n
3061,plain,প্লেইন,সরল,adj
3062,plot,প্লট,চক্রান্ত করা,v
3064,pointed,পয়েন্টেড,সূম্ম,adj
3066,pose,পোজ,ভাঙ্গ করা,v
3067,position,পোজিশন,স্থাপন করা,v
3068,positive,পজিটিভ,- ইতিবাচক,n
3069,possess,পসেস,অধিকারী হওয়া,v.
3070,potential,পটেনশিয়াল,সম্ভাবয; সম্ভাবনা,"adj ,n"
3071,power,পাওয়ার,ক্ষমতা দেওয়া,v
3072,praise,প্রেইজ,প্রশংসা; প্রশংসা করা,1. V.
3073,pregnant,প্রেগন্যান্ট,গভবতী,adj
3074,preparation,প্রিপারেশন,- প্রস্তুতি,n
3075,presence,প্রেজেন্স,উপস্থিতি,n
3076,preserve,প্রিজাভ,সংরক্ষণ করা,v
3077,price,প্রাইস,মূল্য নির্ধারণ করা,v.
3078,prime,প্রাইম,প্রধান,adj
3079,principle,প্রিন্সিপল,নীতি,n
3080,print,প্রিন্ট,প্রিন্ট,n
3081,priority,প্রায়োরিটি,অগ্রাধিকার,n
3082,privacy,প্রাইভেসি,- গোপনীয়তা,n
3083,procedure,প্রসিডিওর,পদ্ধতি,n
3084,process,প্রসেস,প্রক্রিয়া করা,v
3085,produce,প্রোডিউস,উৎপাদন,n
3086,professional,প্রফেশনাল,পেশাদার,11.
3087,progress,প্রোগ্রেস,অগ্রগতি লাভ করা,V.
3088,project,প্রজেক্ট,প্রজেক্ করা,v
3089,proof,প্রুফ,প্রমাণ,n
3090,proposal,প্রোপোজাল,প্রস্তাব,n
3091,propose,প্রপোজ,প্রস্তাব করা,v
3092,prospect,প্রোস্পেক,সম্ভাবনা,n
3093,protection,প্রটেকশন,সুরক্ষা,n
3094,psychologist,সাইকোলজিস্ট,মনোবিজ্ঞানী,n
3095,psychology,সাইকোলজি,মনোবিজ্ঞান,n
3096,publication,পাবলিকেশন,প্রকাশনা,n.
3097,pupil,পিউপিল,শিক্ষার্থী,n
3099,pure,পিউর,- বিশুদ্ধ,adj
3100,pursue,পাসিউ,অনুসরণ করা,v.
3101,range,রেঞ্ুজ,পরিসর,v
3102,rank,রযাক্ক,পদ; পদমযাদা দেওয়া,"11., V."
3103,rapid,র:যাপিড,দ্রুত,adj
3104,rapidly,র:যাপিডলি,দ্রুতগতিতে,adv.
3105,rate,রেট,হার নির্ধারণ করা,v
3106,raw,র,কাঁচা,adj
3107,reach,রিচ,নাগাল,n
3108,realistic,রিয়ালিস্টিক,বাস্তবসম্মত,adj.
3109,reasonable,রিজনেবল,যুক্তিসঙ্গত,ad].
3110,recall,রকল,স্মরণ করা,v
3111,recover,রিকভার,পুনরুদ্ধার করা,V.
3112,reduction,রিডাকশন,হ্রাস,n
3113,regard,রিগার্ড,- বিবেচনা করা; শ্রদ্ধা,"V.,n."
3114,regional,রিজিওনাল,আঞ্চলিক,adj
3115,register,রেজিস্টার,নিবন্ধণ করা; নিবন্ধণ,"v.,n"
3116,regret,রিগ্রেট,অনুশোচনা; অনুশোচনা করা,"v.,n"
3117,regulation,রেগুলেশন,নিয়ম,n
3118,relatively,রিলেটিভলি,আপেক্ষিকভাবে,adv.
3119,relevant,রেলেভেন্ট,প্রাসঙ্গিক,adj
3120,relief,রিলিফ,স্বস্তি,n
3121,rely,রিলাই,নিভর করা,v
3122,remark,রিমাক,মন্তব্য; মন্তব্য করা,"1., V."
3123,representative,রিপ্রেজেন্টেটিভ,প্রতিনিধি; প্রতিনিধিত্বমূলক,"n , adj"
3124,reputation,রেপুটেশন,সুনাম,n
3125,requirement,রিকোয়ারমেন্ট,প্রয়োজনীয়তা,n
3127,reserve,রিজাভ,রিজাভ; সংরক্ষণ করা,"n, V"
3128,resident,রেরসিডেন্ট,বাসিন্দা; আবাসিক,"n , adj"
3129,resist,রেরজিস্ট,প্রতিরোধ করা,v.
3130,resolve,রিসলভ,সমাধান করা,v
3131,resort,রিসোট,অবলম্বন,n:
3132,retain,রিটেইন,ধরে রাখা,v
3133,reveal,রিভিল,প্রকাশ করা,v
3134,revolution,রেভোলিউশন,বিপ্লব,n
3135,reward,রিওয়ার্ড,পুরস্কার; পুরস্কার দেওয়া,"n, V"
3136,rhythm,রিদম,ছন্দ,n
3137,rid,রিড,মুক্তি দেওয়া,v
3138,root,রুট,মূল,n
3139,round,রাউন্ড,- রাউন্ড,n
3140,routine,রুটিন,রুটিন,adj
3141,rub,রাব,ঘষা,v
3142,rubber,রাবার,রাবার; রাবারের,n adj
3143,rural,রুরাল,গ্রামীণ,adj
3144,rush,রাশ,ভিড়; দ্রুতগতিতে যাওয়া,"V.,1."
3145,sample,স্যাম্পল,নমুনা নেওয়া,v.
3146,satellite,স্যাটেলাইট,উপগ্রহ,n
3147,satisfied,স্যাটিসফাইড,সন্তুষ্ট,adj
3148,satisfy,স্যাটিসফাই,সন্তুষ্ট করা,v.
3149,saving,সেইভিং,সঞচয়,n
3151,schedule,শিডিউল,সময়সূটা; সময়সূটী করা,v.
3152,scheme,স্কিন,পরিকল্পনা,n
3154,screen,স্ক্রিণ,স্ক্রিণ করা,v
3155,seat,সিট,বসানো,v
3156,sector,সেক্টর,সেক্টর,n
3157,secure,সিকিউর,সুরক্ষিত করা; সুরক্ষিত,"v , adj"
3158,seek,সিক,খোঁজা,v
3159,select,সিলেক,- নির্বাচন করা,v
3160,selection,সিলেকশন,নির্বাচন,n
3161,self,সেল্কফ,আত্ম,n
3162,senior,সিনিয়র,- সিনিয়র,adj
3163,sense,সেন্স,অনুভব করা,v.
3194,soul,সাল,আত্মা (n),adj.
3165,sentence,সেন্টেন্স,সাজা দেওয়া (v) বিশেষজ্ঞ,"n , adj"
3166,sequence,সিকোয়েন্স,ক্রম,n
3196,species,স্পিসিস,প্রজাতি,n
3167,session,সেশন,অধিবেশন,n
3197,speed,স্পিড,গতি বাড়ানো,v
3168,settle,সেটল,নিষ্পত্তি করা,v
3169,severe,সিভিয়ার,গুরুতর (adj ),adj
3170,shade,শড,ছায়া,n
3171,shadow,শ্যাডো,ছায়া (n),"V.,1."
3172,shallow,শ্যাডো,অগভীর,adj
3173,shame,শেম,লজ্জা (n:),"V.,n."
3201,spot,স্পট,সনাক্ত করা,v
3174,shape,শেপ,আকার দেওয়া,v
3202,spread,স্প্রেড,বিস্তার,n
3176,shift,শিফট,পরিব্তন করা,v.
3204,stage,স্টেজ,মঞস্থ করা,v
3177,ship,শিপ,জাহাজ পাঠানো,v
3205,stand,স্ট্যান্ড,অবস্থান,n
3207,status,স্ট্যাটাস,অবস্থা,n:
3179,shocked,শকত,হতবাক,adj
3208,steady,স্টেডি,অবিচল,adj
3180,shooting,শুটিং,শুটিং,n
3209,steel,স্টিল,ইস্পাত,n
3181,shot,শট,শট,n:
3210,steep,স্টিপ,খাড়া,adj
3211,step,স্টেপ,পদক্ষেপ (v),adj.
3212,sticky,স্টিকি,আঠালো,adj
3213,stiff,স্টিফ,শক্ত (adj ) উল্লেখযোগ্যভাবে,adv
3214,stock,স্টক,স্টক,n
3184,silence,সাইলেন্স,- নীরবতা,n
3215,stream,স্স্ট্রিম,প্রবাহ,n
3185,silk,সিল্ক,রেশম,n
3187,slave,স্স্লেইভ,দাস,n
3217,strict,স্স্ট্রিক্ট,কঠোর,adj
3218,strike,স্ট্রাইক,আঘাত করা; ধমঘট 11. ),"V.,11."
3189,slight,স্লাইট,সামান্য,adj
3219,structure,স্ট্রাকচার,গঠন করা,v
3190,slip,স্লিপ,- পিছলে যাওয়া,v
3191,slope,স্লপ,"ঢাল; ঢালু হওয়া (n, V.)",V. Il.
3192,solar,সোলার,সোর,adj
3221,stuff,স্টাফ,ভরে ফেলা,v
3222,subject,সাবজেক,অধীনস্থ (adj ),adv
3223,submit,সাবমিট,জমা দেওয়া (v) Facebook Biborno Sahin,01726505437
3225,surgery,সাজারি,অস্ত্রোপচার,n
3226,surround,সারাউন্ড,ঘিরে ফেলা,v
3227,surrounding,সারাউন্ডিং,পাশ্ববর্তী,adj.
3228,survey,সাভে,জরিপ করা,v
3229,suspect,সাসপেক্,সন্দেহ করা; সন্দেহভাজন,"V.,n:"
3230,swear,সুইযার,শপথ করা,v
3231,sweep,সুইপ,ঝাড়ু দেওয়া,v
3232,switch,সুইচ,- সুইচ,n
3233,sympathy,সিমপ্যাথি,সহানুভূতি,n
3234,tale,টেল,গল্,n
3235,tank,ট্যাঙ্ক,ট্যাঙ্ক,n
3236,target,টাগেট,লক্ষ্য করা,v
3237,tear1,টিয়ার,ছেঁড়়া; ছেঁড়়া,"V.,n."
3238,tear',টিয়ার,অশ্রু,n
3239,temporary,টেম্পোরারি,অস্থায়ী,adj
3240,term,টাম,নামকরণ করা,v
3241,therapy,থেরাপি,থেরাপি,n
3242,threat,থ্রেট,হুমক,n
3243,threaten,থ্রেট,হুমক দেওয়া,v
3244,thus,দাস,এইভাবে,adv
3245,time,টাইম,সময় নির্ধারণ করা,v
3246,title,টাইটেল,- শিরোনাম দেওয়়া,v
3247,tone,টোন,স্বর,n
3248,tough,টাফ,কঠিন,adj
3249,track,ট্র্যাক,ট্র্যাক করা,v
3250,transfer,ট্রান্সফার,স্থানান্তর করা; স্থানান্তর,"V.,n:"
3251,transform,ট্রান্সফম,রূপান্তরিত করা,V.
3252,transition,ট্রানজিশন,রূপান্তর,n
3253,trial,ট্রায়াল,বিচার,n
3254,trip,ট্রিপ,ভ্রমণ করা,v
3255,tropical,ট্রপিকাল,গ্রীষ্মমন্ডলীয়,adj.
3256,trouble,ট্রাবল,সমস্যায় ফেলা,v
3257,truly,ট্রুলি,সত্যিই,adv
3259,try,ট্রাই,- তেষ্টা,n
3260,tune,টিউন,সুর,n
3261,tunnel,টানেল,টানেল,n
3262,ultimately,আলটিমেটলি,চূড়ান্তভাবে,adv
3263,unconscious,আনকনশাস,অচেতণ,adj.
3264,unexpected,আনএক্সপেক্টেড,অপ্রত্যাশিত,adj
3265,unique,ইউনিক,অনন্য,adj
3266,universe,ইউনিভাস,মহাবিশ্ব,n
3267,unknown,আননোন,অজানা,adj
3268,upper,আপার,উপরের,adj
3270,urban,আবান,শহুরে,adj
3271,urge,আজ,অনুরোধ করা,v
3272,value,ভ্যালু,মূল্য দেওয়া,v
3273,vary,ভ্যারি,ভিন্ন হওয়া,v
3274,vast,ভাস্ট,বিশাল,adj
3275,venue,ভেন্যু,ঘটনাস্থল,n
3276,very,ভোরি,আসল,adj
3277,via,ভায়া,মাধ্যমে,prep
3278,victory,ভিক্টরি,- বিজয়,n
3279,violence,ভায়োলেন্স,সহিংসতা,n
3280,virtual,ভাচুয়াল,ভাচুয়াল,adj
3281,vision,ভিশন,দৃষ্টি,n
3282,visual,ভিজুয়াল,চাক্ষুষ,adj
3283,vital,ভাইটাল,অত্যাবশ্যক,adj
3284,vitamin,ভিটামিন,ভিটামিন,n
3285,volume,ভলিউন,আয়তন,n
3286,wage,ওযেজ,মজুরি,n
3287,way,ওয়ে,উপায়,adv
3288,weakness,উইকনেস,দুবলতা,n
3289,wealth,ওয়েলথ,সম্পদ,n
3290,wealthy,ওয়েলদি,ধনী,adj
3291,whereas,হোোয়ারেজ,পক্ষান্তরে,conj
3292,wherever,হোয়ারেভার,যেখানেই হোেক,conj
3293,whisper,হুইস্পার,ফিসফিস করা; ফিসফিস,"v.,n"
3294,whom,হুম,যাকে,pron:
3296,wildlife,ওয়াইল্ডলাইফ,- বন্যপ্রাণী,n
3297,willing,উইলিং,ইচ্ছুক,adj
3298,windz,উইন্ড,পেঁচানো,v
3299,wire,ওয়্যার,তার,n
3300,wise,ওয়াইজ,জ্ঞানী,adj
3302,WOlSe,ওয়াস,খারাপ,n
3303,Worst,ওয়ার্স্ট,সবচেয়ে খারাপ,n:
3304,worth,ওয়াথ,মূল্য,n
3305,wound,উন্ড,আঘাত; আঘাত করা,"1., V."
3306,wrap,রযাপ,মোড়ানো,v
3307,wrong,রং,ভুল,n
3308,yet,ইয়েট,এখনো,conj
3309,zone,জোন,অঞচল,n
227,east,ইস্ট,পূর্ব,"n , adj , adv."
256,explain,এক্সপ্লেইন,ব্যাখ্যা করা,v
228,easy,ইজি,সহজ,adj
257,extra,এক্সট্রা,অতিরিক্ত,adj
229,eat,ইট,খাওয়া,v
258,eye,আই,চোখ,n
230,egg,এগ,- ডিম,n
259,face,ফেইস,মুখ,n
231,eight,এইট,আট,number
260,fact,ফ্যাক্ট,"ঘটনা, তথ্য",n
232,eighteen,এইটিন,আঠারো,number
261,fall,ফল,পড়া,v
233,eighty,এইটি,আশি,number
262,false,ফলস,"মিথ্যা, ভুল",adj
234,elephant,এলিফ্যান্ট,হাতি,n
235,eleven,ইলেভেন,এগারো (number) পারিবারিক,adj
236,else,এলস,অন্য কিছুকেউ,adv
264,famous,ফেমাস,- বিখ্যাত,adj
265,fantastic,ফ্যান্টাস্টিক,"অসাধারণ, করা (v) চমৎকার",adj
238,end,এন্ড,শেষ (n); শেষ করা,v
239,enjoy,এনজয়,উপভোগ করা,v
267,farm,ফাম,খামার,n
241,euro,ইউরো,ইউরো,n
271,father,ফাদার,বাবা,n
242,even,ইভেন,এমনকি,adv.
272,favourite,ফেভারিট,প্রিয়,"adj , n."
243,evening,ইভনিং,সন্ধ্যা,n
273,February,ফেব্রুয়ারি,- ফেব্রুয়ারি,n
244,event,ইভেন্ট,"- ঘটনা, অনুষ্ঠান",n
274,feel,ফিল,অনুভব করা,v
276,festival,ফেষ্টিভ্যাল,উৎসব,n
246,every,এভরি,"প্রতিটি, প্রত্যেক",det
247,everybody,এভরিবডি,"প্রত্যেক ব্যক্তি (det  adj , pron )",pron
278,fifteen,ফিফটিন,পনেরো,number
279,fifth,ফিফথ,পঞ্চম (number),pron:
280,fifty,ফিফটি,পঞ্চাশ (number),pron.
281,fill,ফিল,পূণ করা,v
250,exam,এক্সাম,পরীক্ষা,n
282,film,ফিল্ম,"ঢলচ্চিত্র, ফিল্ম",n
251,example,এক্সাম্পল,উদাহরণ,n
283,final,ফাইনাল,"চূড়ান্ত, শেষ",adj
252,excited,এক্সাইটেড,- উত্তেজিত,adj
284,find,ফাইন্ড,খুঁজে বের করা,v
253,exciting,এক্সাইটিং,উত্তেজনাপূর্ণ,adj
285,fine,ফাইন,"ভালো, সূক্ষ্ম",adj
286,finish,ফিনিশ,শেষ করা (v) ব্যায়াম করা,v
287,fire,ফায়ার,আগুন,n
255,expensive,এক্সপেন্সিভ,দামী (adj) Facebook Biborno Sahin,01726505437
323,girlfriend,গালফ্রেন্ড,প্রেমিকা,n
289,fish,ফিশ,মাছ,n
324,give,গিভ,দেওয়া,v
290,five,ফাইভ,পাঁচ,number
325,glass,গ্লাস,কাঁচ; গ্লাস,n
291,flat,ফ্ল্যাট,"ফ্ল্যাট, অ্যাপার্টমেন্ট",n
326,g০,গো,যাওযা,v
292,flight,ফ্লাইট,- উড়ান,n
327,good,গুড,ভালো,adj
293,floor,ফ্লোর,"মেঝে, তলা",n
328,goodbye,গুডবাই,বিদায়,exclam n
294,flower,ফ্লাওযার,ফুল,n
329,grandfather,গ্র্যান্ডফাদার,"দাদা, নানা",n
295,fly,ফ্লাই,ওড়া,v
330,grandmother,গ্র্যান্ডমাদার,"দাদী, নানী",n
296,follow,ফলো,অনুসরণ করা,v
297,food,ফুড,"খাবার (n) দাদী, নানা-নানী",n
298,foot,ফুট,পা,n
332,great,গ্রেট,"মহান, দারুণ",adj
299,football,ফুটবল,ফুটবল,n
333,green,গ্রিন,সবুজ,"adj , n"
300,for,ফর,জন্য,prep
334,grey,গ্রে,ধূসর,"adj , n"
301,forget,ফরগেট,ভুলে যাওয়া,v
335,group,গ্রুপ,দল,n
336,grow,গ্রো,"বৃদ্ধি পাওয়া, জন্মানো (v) করা",v
303,forty,ফটি,চল্লিশ (number) অনুমান,n
304,four,ফোর,চার,number
338,guitar,গিটার,গিটার,n
305,fourteen,ফোরটিন,চৌদ্দ,number
339,gym,জিম,জিম,n
306,fourth,ফোরথ,চতুর্থ,number
340,hair,হেয়ার,চুল,n
307,free,ফ্রি,"বিনামূল্যে, স্বাধীন",adj
341,half,হাফ,অধেক,"n , det  pron"
308,Friday,ফ্রাইডে,শুক্রবার,n
342,hand,হ্যান্ড,হাত,n
309,friend,ফ্রেন্ড,বন্ধু,n
343,happen,হ্যাপেন,"ঘটা, হওয়া",v
310,friendly,ফ্রেন্ডলি,- বন্ধুত্বপূর্ণ,adj
344,happy,হ্যাপি,খুশি,adj
311,from,ফ্রম,থেকে,prep
345,hard,হা্ড,"কঠিন, শক্ত","adj , adv."
312,front,ফ্রন্ট,সামনে,"n , adj"
346,hat,হ্যাট,টুপি,n
313,fruit,ফ্রুট,ফল,n
347,hate,হেইট,ঘৃণা করা,v
314,full,ফুল,"পূণ, ভরা",adj
348,have,হ্যাভ,"আছে, থাকা",v
315,fun,ফান,মজা,n
316,funny,ফানি,"মজার, হাস্যকর (adj)",modal v.
320,healthy,হেলদি,স্বাস্থ্যবান (adj) geography (জিওগ্রাফি) ভূগোল,n
321,get,গেট,"শোনা (v) পাওয়া, হওয়া (v) Facebook Biborno Sahin",01726505437
355,hello,হ্যালো,হ্যালো,exclam. n
356,help,হেল্প,সাহায্য করা (v ); সাহায্য,n.
357,her,হার,তার (স্ত্রা),"pron , det"
358,here,হিয়ার,এখানে,adv
359,hey,হেই,আরে,exclam
360,hi,হাই,হাই,exclam
361,high,হাই,উঁচু,adj
362,him,হিম,তাকে (পুরুষ),pron
363,his,হিজ,তার (পুরুষ),det
364,history,হিস্টোরি,ইতিহাস,n
365,hobby,হবি,শখ,n
366,holiday,হলিডে,ছুটি,n
367,home,হোম,বাড়ি,"n , adv."
368,homework,হোমওয়ার্ক,বাড়ির কাজ,n
369,hope,হোপ,আশা করা,v
370,horse,হস,ঘোড়া,n
371,hospital,হসপিটাল,হাসপাতাল,n
372,hot,হট,গরম,adj
373,hotel,হোটেল,হোটেল,n
374,hour,আওয়ার,ঘণ্টা,n
375,house,হাউস,বাড়ি,n
377,however,হাউএভার,যাই হােক না কেন,adv
378,hundred,হানড্রেড,শত,number
379,hungry,হাংরি,ক্ষুধাত,adj
380,husband,হাসব্যান্ড,স্বামী (n) 381. [ (আই) আমি,pron
382,ice,আইস,বরফ,n
383,ice cream,আইস ক্রিম,আইসক্রিম,n
384,idea,আইডিয়া,ধারণা,n
385,if,হফ,যদি,conj
386,imagine,ইম্যাজিন,কল্পনা করা,v
387,important,ইম্পর্ট্যান্ট,- গুরুত্বপূর্ণ,adj
388,improve,ইম্প্রুভ,উন্নতি করা,v
389,in,ইন,মধ্যে,"prep , adv"
390,include,ইনক্লুড,অন্তভুক্ত করা,v
391,information,ইনফরমেশন,তথ্য,n
392,interest,ইন্টারেস্ট,আগ্রহ (n ); আগ্রহী করা,v.
393,interested,ইন্টারেস্টেড,আগ্রহী,adj
394,interesting,ইন্টারেস্টিং,আকর্ষণীয়,adj
395,internet,ইন্টারনেট,ইন্টারনেট,n
396,interview,ইন্টারভিউ,সাক্ষাংকার (n ); সাক্ষাংকার নেওয়া,v
397,into,ইনটু,মধ্যে (ভিতরে প্রবেশ),prep
411,just,জাস্ট,"শুধু, মাত্র",adv.
412,keep,কিপ,রাখা,v
413,key চাবি,n,; গুরুত্বপূর্ণ,adj
414,kilometre,কিলোমিটার,কিলোমিটার,n
415,kind,type,"(কাইন্ড) প্রকার, ধরন",n
416,kitchen,কিচেন,রান্নাঘর,n
417,know,নো,জানা,v
418,land,ল্যান্ড,"ভূমি, জমি",n
419,language,ল্যাঙ্গুয়েজ,ভাষা,n
420,large,লাজ,বড়,adj
421,lastl,final,(লাস্ট) শেষ,det
422,late,লেইট,- দেরী,"adj , adv"
423,later,লেইটার,পরে,adv
424,laugh,লাফ,হাসা (v); হাসি (n.) Facebook Biborno Sahin,01726505437
425,learn,লান,শেখা,v
426,leave,লিভ,"ত্যাগ করা, চলে যাওযা",v
427,left,লেফট,বাম,"adj , adv, n."
428,leg,লেগ,পা,n
429,lesson,লেসন,পাঠ,n
430,let,লেট,অনুমতি দেওয়া,v
431,letter,লেটার,চিঠি; অক্ষর,n
432,library,লাইব্রেরি,"লাইব্রেরি, পাঠাগার",n
433,liel,লাই,শুয়ে থাকা,v
434,life,লাইফ,জীবন,n
435,light,from the sun a lamp,(লাইট) আলো (n); হালকা,adj
436,like,similar,"(লাইক) মতো, অনুরূপ",prep
437,like,find sb/sth pleasant,(লাইক) পছন্দ করা,v
438,line,লাইন,"রেখা, সারি",n
439,lion,লায়ন,সিংহ,n
440,list,লিস্ট,তালিকা (n ); তালিকাভুক্ত করা,v
441,listen,লিসেন,শোনা,v
442,little,লিটল,"ছোট, অল্প","adj , det  pron"
443,livel,লিভ,বাস করা,v
444,local,লোকাল,স্থানীয়,adj
445,longl,লং,লম্বা,"adj , adv"
446,look,লুক,দেখা,v
447,lose,লুজ,হারানো,v
449,love,লাভ,ভালোবাসা (n ); ভালোবাসা,v.
450,lunch,লাঞ্চ,দুপুরের খাবার,n
451,machine,মেশিন,যন্ত্র,n
452,magazine,ম্যাগাজিন,ম্যাগাজিন,n
453,main,মেইন,প্রধান,adj
454,make,মেইক,তৈরি করা,v
455,man,ম্যান,"পুরুষ, লোক",n
457,map,ম্যাপ,মানচিত্র,n
458,March,মাচ,মাচ,n
459,market,মার্কেট,বাজার,n
460,married,ম্যারিড,বিবাহিত,adj
461,match,contest correspond,(ম্যাচ) খেলা (n ); মিলে যাওয়া,v
462,May,মেই,- মে,n
463,maybe,মেইবি,হয়তো,adv
465,meal,মিল,খাবার,n
466,mean,মিন,"বোঝানো, অথ করা",v
467,meaning,মিনিং,অর্থ,n
468,meat,মিট,মাংস,n
469,mneet,মিট,দেখা করা,v
470,meeting,মিটিং,"মিটিং, সভা",n
471,member,মেম্বার,সদস্য,n
472,mnenu,মেনু,মেনু,n
473,message,মেসেজ,বাতা,n
474,metre,মিটার,- মিটার,n
475,midnight,মিডনাইট,মধ্যরাত,n
476,mile,মাইল,মাইল,n
477,milk,মিল্ক,দুধ,n
478,million,মিলিয়ন,- মিলিয়ন,number
479,minutel,মিনিট,মিনিট,n
480,miss,মিস,"মিস করা, কাউকে কিছুকে মনে করা",v
481,mistake,মিস্টেক,ভুল,n
482,model,মডেল,মডেল,n
483,modern,মডারন,- আধুনিক,adj
484,moment,মোমেন্ট,মুহূত,n
485,Monday,মানডে,সোমবার,n
486,money,মানি,"টাকা, অর্থ",n
487,month,মানথ,মাস,n
488,more,মোর,আরও,"det  pron , adv"
489,morning,মর্নিং,সকাল (n) Facebook Biborno Sahin,01726505437
490,most,মোস্ট,- অধিকাংশ,"det  pron , adv."
523,north,নথ,উত্তর,"n , adj , adv"
491,mother,মাদার,মা,n
524,nose,নোজ,নাক,n
492,mountain,মাউন্টেন,প্বত,n
525,not,নট,না,adv
493,mouse,মাউস,ইঁদুর,n
526,note,নোট,"নোট, টীকা",n
494,mouth,মাউথ,মুখ,n
527,nothing,নাথিং,- কিছুই না,pron
495,move,মুভ,"নড়াচড়া করা, সরানো",v
528,November,নভেম্বর,নভেম্বর,n
496,movie,মুভি,ঢলচ্চিত্র,n
529,IOW,নাউ,এখন,adv
497,much,মাচ,অনেক,অগণনাযোগ্য
530,number,নাম্বার,সংখ্যা (n),"det  pron , adv"
531,nurse,নার্স,নাস,n
498,mum,মাম,মা,n
532,object,অবজেক্ট,বস্তু; উদ্দেশ্য,n
499,museum,মিউজিয়াম,জাদুঘর (n) 533. 0'clock (ও'ক্লক) টা,সময় বঝাতে
501,must,মাস্ট,অবশ্যই,modal v
534,October,অক্টোবর,অকোবর,n
502,my,মাই,আমার,det
535,of,অফ,এর,prep
536,off,অফ,"বন্ধ (adv , prep )",V.
537,office,অফিস,"অফিস, কার্যালয়",n
504,natural,ন্যাচারাল,প্রাকৃতিক,adj
538,often,অফেন,প্রায়শই,adv
505,near,নিয়ার,কাছে,"prep , adj , adv"
539,oh,ওহ,ওহ,exclam
506,need,নিড,প্রয়োজন,v
508,neighbour,নেইবার,- প্রতিবেশী,n
541,old,ওল্ড,"পুরাতন, বয়স্ক",adj
509,never,নেভার,কখনো না,adv
510,neW,নিউ,নতুন,adj
511,news,নিউজ,খবর,n
512,newspaper,নিউজপেপার,সংবাদপত্র pron. ),n
545,onion,অনিয়ন,পেঁয়াজ,n
513,next,নেক্সট,পরবর্তী,"adj , adv."
546,online,অনলাইন,অনলাইন,"adj , adv."
514,next to,নেক্সট টু,পাশে,prep
515,nice,নাইস,"সুন্দর, ভালো",adj
548,open,ওপেন,খোলা (adj ); খোলা,v
516,night,নাইট,রাত,n
549,opinion,ওপিনিয়ন,মতামত,n
517,nine,নাইন,নয়,number
518,nineteen,নাইনটিন,"উনিশ (number) prep , adv. 519. নব্বই",number
551,ninety,নাইনটি,"or (অর) অথবা (conj ) 520. 552. না (exclam , det ) orange (অরেঞ্জ) কমলা (n); কমলা no () 521. কেউ না (pron:) রঙের (adj ) No one",নোওয়ান
522,nobody,নোবডি,কেউ না,pron
